time,used_memory_rss(bytes)
0.00,47644700672
0.28,47613636608
0.56,47584538624
0.83,47554457600
1.10,47530733568
1.38,47499800576
1.67,47469260800
1.95,47439114240
2.22,47409229824
2.50,47379083264
2.79,47348150272
3.07,47317610496
3.35,47287070720
3.64,47257317376
3.91,47227301888
4.20,47196131328
4.48,47165591552
4.76,47135707136
5.04,47105036288
5.32,47074365440
5.60,47043956736
5.88,47013548032
6.16,46982877184
6.44,46952468480
6.71,46922190848
7.00,46891147264
7.28,46861000704
7.56,46830567424
7.84,46800289792
8.12,46769618944
8.40,46738817024
8.68,46708408320
8.97,46677344256
9.25,46647590912
9.53,46617182208
9.81,46587691008
10.09,46556102656
10.37,46525956096
10.64,46495285248
10.92,46465138688
11.20,46433812480
11.48,46403272704
11.76,46372470784
12.04,46342062080
12.32,46311260160
12.61,46281768960
12.89,46251753472
13.17,46221606912
13.44,46191067136
13.72,46160527360
14.00,46129463296
14.29,46099054592
14.56,46067859456
14.85,46037712896
15.12,46006910976
15.40,45975322624
15.69,45945700352
15.96,45913849856
16.25,45882916864
16.53,45851721728
16.81,45821313024
17.09,45790248960
17.37,45760102400
17.65,45730086912
17.93,45698891776
18.21,45668220928
18.49,45638991872
18.77,45608452096
19.06,45578174464
19.34,45547503616
19.62,45516177408
19.90,45484982272
20.18,45454049280
20.46,45422592000
20.74,45391921152
21.02,45361381376
21.30,45330317312
21.58,45300170752
21.86,45269893120
22.14,45238697984
22.42,45208158208
22.70,45178142720
22.98,45147209728
23.26,45116145664
23.54,45086523392
23.82,45056245760
24.10,45025443840
24.38,44995952640
24.66,44965281792
24.94,44949553152
25.22,44949553152
25.50,44924428288
25.78,44924428288
26.06,27913043968
26.34,27913043968
26.63,27913043968
26.91,27913043968
27.20,27913043968
27.48,27913043968
27.76,27913043968
28.05,27913043968
28.32,27913043968
28.60,55823253504
28.87,55823253504
29.15,55823253504
29.43,55822467072
29.71,55792357376
29.99,55762341888
30.27,55732326400
30.55,55702138880
30.83,55672647680
31.11,55641329664
31.39,55611576320
31.67,55581298688
31.95,55550758912
32.23,55520743424
32.51,55490990080
32.79,55461105664
33.07,55430565888
33.35,55400157184
33.64,55370272768
33.92,55339864064
34.20,55310372864
34.48,55280881664
34.76,55250079744
35.05,55219933184
35.32,55189655552
35.60,55158050816
35.88,55127248896
36.16,55096446976
36.46,55066038272
36.74,55035367424
37.02,55005089792
37.31,54975205376
37.58,54947016704
37.86,54915297280
38.15,54885675008
38.43,54856183808
38.70,54826823680
38.98,54796546048
39.27,54766006272
39.55,54735859712
39.84,54705451008
40.12,54675435520
40.40,54644633600
40.68,54614880256
40.96,54584733696
41.24,54554587136
41.53,54524047360
41.81,54493638656
42.09,54463098880
42.37,54432821248
42.65,54402936832
42.93,54372003840
43.22,54341726208
43.49,54311972864
43.77,54280908800
44.06,54250369024
44.34,54220877824
44.62,54190706688
44.90,54160166912
45.19,54130544640
45.46,54100660224
45.74,54070382592
46.02,54040367104
46.31,54009958400
46.59,53980205056
46.87,53950713856
47.15,53920436224
47.43,53890420736
47.72,53861060608
47.99,53830651904
48.28,53800767488
48.56,53771014144
48.84,53739819008
49.13,53709148160
49.41,53678477312
49.69,53648986112
49.97,53618577408
50.25,53588561920
50.53,53558415360
50.82,53528137728
51.10,53498384384
51.37,53468499968
51.65,53437984768
51.93,53407707136
52.21,53377691648
52.49,53348724736
52.77,53318447104
53.05,53288562688
53.33,53257629696
53.62,53227757568
53.89,53196824576
54.19,53166940160
54.47,53137842176
54.75,53107826688
55.03,53077942272
55.31,53047795712
55.58,53018173440
55.86,52987764736
56.14,52957880320
56.42,52927078400
56.70,52896931840
56.99,52866916352
57.26,52836769792
57.54,52807774208
57.82,52778807296
58.10,52748136448
58.37,52717989888
58.66,52687974400
58.94,52657958912
59.22,52626894848
59.51,52596486144
59.79,52566470656
60.07,52535668736
60.36,52504866816
60.64,52474327040
60.92,52443525120
61.21,52413640704
61.48,52384149504
61.76,52354134016
62.04,52323594240
62.33,52292923392
62.61,52263563264
62.88,52233285632
63.16,52203401216
63.44,52173254656
63.72,52143501312
64.00,52113485824
64.27,52083208192
64.55,52053192704
64.84,52023570432
65.11,51993423872
65.39,51963146240
65.67,51931820032
65.96,51901673472
66.24,51871526912
66.52,51840987136
66.80,51810054144
67.08,51779645440
67.36,51749498880
67.64,51720531968
67.92,51689336832
68.21,51658534912
68.49,51629305856
68.76,51598372864
69.05,51567566848
69.32,51536764928
69.60,51505438720
69.89,51474505728
70.16,51443511296
70.44,51412054016
70.72,51380989952
71.00,51349925888
71.28,51318337536
71.57,51287666688
71.84,51255160832
72.13,51224358912
72.40,51193032704
72.69,51161313280
72.97,51130380288
73.25,51098923008
73.53,51067596800
73.81,51036532736
74.09,51005599744
74.37,50973749248
74.65,50942554112
74.93,50910703616
75.22,50878722048
75.50,50847657984
75.78,50816331776
76.06,50784354304
76.34,50752634880
76.63,50720915456
76.91,50689720320
77.19,50657476608
77.48,50627772416
77.75,50595135488
78.03,50563809280
78.31,50531827712
78.59,50501287936
78.87,50469830656
79.15,50438111232
79.44,50406916096
79.72,50376376320
79.99,50347147264
80.27,50316607488
80.55,50283659264
80.83,50253643776
81.11,50223104000
81.39,50192302080
81.67,50160844800
81.95,50129649664
82.23,50098061312
82.52,50066604032
82.81,50035277824
83.08,50003296256
83.37,49972101120
83.64,49941692416
83.92,49910497280
84.21,49878908928
84.49,49846927360
84.78,49815470080
85.06,49784799232
85.34,49753341952
85.62,49722015744
85.90,49691082752
86.18,49659887616
86.46,49629478912
86.73,49598545920
87.02,49568137216
87.29,49536942080
87.58,49505878016
87.86,49474551808
88.14,49443618816
88.42,49413079040
88.70,49381883904
88.98,49352130560
89.26,49320804352
89.55,49290002432
89.83,49259704320
90.10,49229299712
90.38,49197711360
90.67,49167564800
90.95,49136631808
91.23,49105174528
91.52,49074241536
91.80,49043570688
92.07,49012375552
92.36,48982097920
92.64,48951558144
92.92,48920625152
93.20,48890216448
93.48,48859938816
93.76,48829530112
94.04,48798334976
94.33,48768057344
94.61,48737255424
94.88,48705798144
95.16,48674996224
95.44,48643801088
95.72,48612343808
96.00,48582066176
96.28,48553230336
96.57,48522690560
96.85,48490577920
97.12,48459776000
97.40,48428580864
97.68,48397516800
97.96,48365928448
98.24,48335519744
98.52,48303931392
98.81,48273260544
99.08,48242458624
99.36,48212049920
99.63,48181510144
99.91,48150183936
100.19,48118726656
100.47,48087400448
100.75,48056074240
101.03,48025534464
101.31,47994863616
101.59,47964323840
101.87,47933390848
102.15,47902982144
102.43,47872573440
102.71,47842951168
102.99,47812149248
103.27,47779553280
103.56,47749931008
103.83,47720701952
104.11,47691079680
104.39,47661195264
104.66,47631048704
104.94,47601426432
105.22,47571673088
105.50,47541133312
105.78,47511904256
106.05,47481888768
106.33,47451217920
106.61,47421333504
106.89,47391318016
107.17,47360909312
107.45,47330762752
107.73,47301271552
108.00,47270600704
108.28,47239798784
108.57,47209652224
108.84,47179243520
109.12,47148572672
109.40,47116984320
109.69,47086444544
109.96,47056035840
110.25,47025364992
110.53,46994956288
110.80,46964154368
111.09,46932959232
111.37,46902550528
111.65,46871486464
111.93,46842257408
112.21,46811062272
112.50,46779236352
112.78,46748041216
113.06,46716977152
113.34,46686699520
113.62,46655766528
113.90,46624833536
114.18,46594162688
114.46,46563360768
114.73,46532165632
115.02,46501232640
115.30,46470037504
115.58,46437400576
115.87,46405550080
116.15,46374223872
116.43,46342635520
116.71,46314848256
116.99,46282735616
117.28,46251409408
117.55,46219563008
117.83,46188113920
118.12,46157705216
118.40,46126510080
118.68,46094921728
118.96,46063726592
119.24,46033055744
119.52,46002647040
119.79,45970927616
120.07,45939601408
120.36,45907619840
120.65,45876424704
120.92,45844967424
121.20,45813305344
121.49,45781716992
121.77,45750652928
122.05,45718933504
122.34,45687476224
122.62,45656805376
122.90,45625348096
123.19,45594546176
123.47,45563613184
123.75,45532418048
124.04,45501878272
124.31,45471731712
124.59,45441060864
124.87,45410258944
125.14,45378539520
125.43,45346820096
125.71,45315887104
125.99,45284429824
126.28,45253890048
126.56,45222039552
126.84,45190975488
127.12,45161091072
127.40,45131862016
127.68,45131862016
127.96,45119279104
128.24,45088215040
128.51,45056618496
128.79,45025705984
129.08,44994772992
129.35,44963446784
129.64,44932251648
129.92,44923473920
130.20,27912536064
130.49,27912536064
130.76,27912536064
131.05,27912536064
131.34,27912536064
131.62,27912536064
131.90,27912536064
132.18,27912536064
132.47,27912536064
132.75,27912536064
133.03,27912536064
133.31,27912536064
133.59,27912536064
133.87,27912536064
134.16,27912536064
134.44,27912536064
134.71,27912536064
135.00,27912536064
135.28,27912536064
135.56,27912536064
135.84,27912536064
136.12,27912536064
136.40,27912536064
136.68,27912536064
136.96,27912536064
137.24,27912536064
137.52,27912331264
137.80,27912331264
138.08,27912331264
138.36,27912331264
138.65,27912331264
138.93,27912331264
139.21,27912331264
139.49,27912331264
139.78,27912331264
140.05,27912331264
140.33,27912331264
140.62,27912331264
140.89,27912331264
141.18,27912331264
141.47,27912331264
141.75,27912331264
142.02,27912331264
142.30,27912331264
142.59,27912331264
142.87,27912331264
143.16,27912331264
143.44,27912331264
143.72,27912331264
144.00,27912331264
144.28,27912331264
144.56,27912331264
144.84,27912331264
145.13,27912331264
145.40,27912331264
145.68,27912331264
145.97,27912331264
146.25,27912331264
146.53,27912331264
146.81,27912331264
147.09,27912331264
147.38,27912331264
147.66,27912331264
147.93,27912331264
148.22,27912331264
148.50,27912331264
148.78,27912331264
149.06,27912331264
149.34,27912331264
149.62,27912331264
149.90,27912331264
150.18,27912331264
150.46,27912331264
150.74,27912331264
151.02,27912331264
151.30,27912331264
151.58,27912331264
151.87,27912331264
152.15,27912331264
152.43,27912331264
152.71,27912331264
152.99,27912331264
153.27,27912331264
153.56,27912331264
153.84,27912331264
154.12,27912331264
154.40,27912331264
154.69,27912331264
154.97,27912331264
155.25,27912331264
155.52,27912331264
155.80,27912331264
156.08,27912331264
156.36,27912331264
156.65,27912331264
156.93,27912331264
157.21,27912331264
157.49,27912331264
157.77,27912331264
158.06,27912331264
158.34,27912331264
158.62,27912331264
158.90,27912331264
159.18,27912331264
159.46,27912331264
159.74,27912331264
160.02,27912331264
160.31,27912331264
160.59,27912331264
160.88,27912331264
161.15,27912331264
161.44,27912331264
161.72,27912331264
162.00,27912331264
162.28,27912331264
162.57,27912331264
162.85,27912331264
163.14,27912331264
163.43,27912331264
163.71,27912331264
163.99,27912331264
164.27,27912331264
164.55,27912331264
164.83,27912331264
165.11,27912331264
165.39,27912331264
165.68,27912331264
165.96,27912331264
166.24,27912331264
166.52,27912331264
166.80,27912331264
167.08,27912331264
167.36,27912331264
167.64,27912331264
167.92,27912331264
168.20,27912331264
168.49,27912331264
168.77,27912331264
169.06,27912331264
169.34,27912331264
169.62,27912331264
169.91,27912331264
170.19,27912331264
170.47,27912331264
170.74,27912331264
171.03,27912331264
171.31,27912331264
171.59,27912331264
171.86,27912331264
172.14,27912331264
172.42,27912331264
172.69,27912331264
172.97,27912331264
173.26,27912331264
173.54,27912331264
173.82,27912331264
174.10,27912331264
174.38,27912331264
174.66,27912331264
174.93,27912331264
175.21,27912331264
175.49,27912331264
175.77,27912331264
176.06,27912331264
176.34,27912331264
176.62,27912331264
176.89,27912593408
177.16,27912593408
177.45,27912593408
177.73,27912593408
178.01,27912593408
178.28,27912593408
178.56,27912593408
178.85,27912593408
179.13,27912593408
179.41,27912593408
179.69,27912593408
179.97,27912593408
180.25,27912593408
180.53,27912593408
180.81,27912593408
181.09,27912593408
181.37,27912593408
181.65,27912593408
181.93,27912593408
182.20,27912593408
182.48,27912593408
182.75,27912593408
183.03,27912593408
183.31,27912593408
183.59,27912593408
183.87,27912593408
184.15,27912593408
184.43,27912593408
184.72,27912593408
185.00,27912593408
185.28,27912593408
185.56,27912593408
185.84,27912593408
186.12,27912593408
186.40,27912593408
186.68,27912593408
186.96,27912593408
187.24,27912593408
187.53,27912593408
187.81,27912593408
188.09,27912593408
188.38,27912593408
188.66,27912593408
188.94,27912593408
189.22,27912593408
189.51,27912593408
189.78,27912593408
190.06,27912593408
190.34,27912593408
190.62,27912593408
190.90,27912593408
191.18,27912593408
191.47,27912593408
191.74,27912593408
192.02,27912593408
192.31,27912593408
192.58,27912593408
192.87,27912593408
193.15,27912593408
193.43,27912593408
193.71,27912593408
193.99,27912593408
194.27,27912593408
194.55,27912593408
194.83,27912593408
195.11,27912593408
195.39,27912593408
195.68,27912593408
195.96,27912593408
196.23,27912593408
196.52,27912593408
196.79,27912593408
197.08,27912593408
197.36,27912593408
197.64,27912388608
197.92,27912388608
198.20,27912388608
198.48,27912388608
198.77,27912388608
199.05,27912650752
199.33,27912650752
199.60,27912650752
199.89,27912650752
200.17,27912650752
200.46,27912650752
200.74,27912650752
201.02,27912650752
201.30,27912650752
201.59,27912650752
201.87,27912650752
202.15,27912650752
202.43,27912650752
202.71,27912650752
202.99,27912650752
203.27,27912650752
203.56,27912650752
203.84,27912650752
204.12,27912650752
204.40,27912650752
204.68,27912650752
204.96,27912650752
205.24,27912650752
205.52,27912650752
205.80,27912650752
206.08,27912650752
206.36,27912650752
206.64,27912650752
206.92,27912650752
207.20,27912650752
207.48,27912650752
207.76,27912650752
208.04,27912650752
208.32,27912650752
208.60,27912650752
208.88,27912650752
209.15,27912650752
209.43,27912650752
209.71,27912650752
209.99,27912650752
210.27,27912650752
210.55,27912650752
210.83,27912650752
211.11,27912650752
211.39,27912650752
211.67,27912650752
211.95,27912650752
212.23,27912650752
212.51,27912650752
212.78,27912650752
213.06,27912650752
213.35,27912650752
213.63,27912650752
213.91,27912650752
214.19,27912650752
214.47,27912650752
214.75,27912650752
215.03,27912650752
215.32,27912650752
215.60,27912650752
215.88,27912650752
216.16,27912650752
216.44,27912650752
216.72,27912650752
217.00,27912650752
217.28,27912650752
217.56,27912650752
217.84,27912650752
218.13,27912650752
218.41,27912650752
218.70,27912650752
218.98,27912650752
219.26,27912650752
219.55,27912650752
219.83,27912650752
220.11,27912650752
220.38,27912650752
220.66,27912650752
220.95,27912650752
221.23,27912650752
221.51,27912650752
221.80,27912650752
222.08,27912650752
222.36,27912650752
222.64,27912650752
222.91,27912650752
223.20,27912650752
223.49,27912650752
223.77,27912650752
224.05,27912650752
224.33,27912650752
224.61,27912650752
224.89,27912650752
225.17,27912650752
225.45,27912650752
225.72,27912650752
226.00,27912650752
226.28,27912650752
226.56,27912650752
226.84,27912650752
227.12,27912650752
227.40,27912650752
227.68,27912650752
227.96,27912650752
228.24,27912650752
228.53,27912650752
228.81,27912650752
229.09,27912650752
229.37,27912650752
229.65,27912650752
229.93,27912650752
230.21,27912650752
230.49,27912650752
230.77,27912650752
231.05,27912650752
231.34,27912650752
231.62,27912650752
231.90,27912650752
232.18,27912650752
232.46,27912650752
232.75,27912650752
233.03,27912650752
233.31,27912650752
233.59,27912650752
233.87,27912650752
234.15,27912650752
234.43,27912650752
234.71,27912650752
235.00,27912650752
235.28,27912650752
235.56,27912650752
235.84,27912650752
236.12,27912650752
236.40,27912650752
236.68,27912650752
236.96,27912650752
237.24,27912650752
237.52,27912650752
237.80,27912650752
238.09,27912650752
238.36,27912650752
238.65,27912650752
238.93,27912650752
239.21,27912650752
239.49,27912650752
239.77,27912650752
240.05,27912650752
240.33,27912650752
240.62,27912650752
240.90,27912650752
241.19,27912650752
241.47,27912650752
241.74,27912650752
242.02,27912650752
242.29,27912650752
242.57,27912650752
242.86,27912650752
243.14,27912650752
243.42,27912650752
243.71,27912650752
243.98,27912650752
244.26,27912650752
244.54,27912650752
244.82,27912650752
245.10,27912650752
245.38,27912650752
245.66,27912650752
245.94,27912650752
246.22,27912650752
246.50,27912650752
246.79,27912650752
247.07,27912650752
247.35,27912650752
247.63,27912650752
247.91,27912650752
248.19,27912650752
248.48,27912650752
248.75,27912650752
249.03,27912650752
249.31,27912650752
249.60,27912650752
249.88,27912650752
250.16,27912650752
250.44,27912650752
250.72,27912650752
251.00,27912650752
251.28,27912650752
251.57,27912650752
251.85,27912650752
252.13,27912650752
252.40,27912650752
252.68,27912650752
252.97,27912650752
253.25,27912650752
253.53,27912650752
253.82,27912650752
254.10,27912650752
254.38,27912650752
254.66,27912650752
254.95,27912650752
255.23,27912650752
255.51,27912650752
255.79,27912650752
256.07,27912650752
256.35,27912650752
256.64,27912650752
256.91,27912650752
257.19,27912650752
257.47,27912650752
257.75,27912650752
258.04,27912650752
258.32,27912650752
258.60,27912650752
258.88,27912650752
259.16,27912650752
259.44,27912650752
259.71,27912650752
259.99,27912650752
260.27,27912650752
260.55,27912650752
260.83,27912650752
261.12,27912650752
261.40,27912650752
261.67,27912650752
261.95,27912650752
262.22,27912650752
262.50,27912650752
262.78,27912650752
263.06,27912650752
263.34,27912650752
263.63,27912650752
263.91,27912650752
264.19,27912650752
264.47,27912650752
264.75,27912650752
265.04,27912650752
265.32,27912650752
265.60,27912650752
265.88,27912650752
266.16,27912650752
266.44,27912650752
266.72,27912650752
267.00,27912650752
267.29,27912650752
267.57,27912650752
267.85,27912650752
268.13,27912650752
268.42,27912650752
268.70,27912650752
268.98,27912650752
269.26,27912650752
269.55,27912650752
269.83,27912650752
270.11,27912650752
270.39,27912650752
270.68,27912650752
270.95,27912650752
271.22,27912650752
271.50,27912650752
271.79,27912650752
272.07,27912650752
272.35,27912650752
272.63,27912650752
272.91,27912650752
273.19,27912650752
273.47,27912650752
273.75,27912650752
274.03,27912650752
274.32,27912650752
274.60,27912650752
274.88,27912650752
275.16,27912650752
275.44,27912650752
275.71,27912650752
275.99,27912650752
276.27,27912650752
276.55,27912650752
276.83,27912650752
277.12,27912650752
277.40,27912650752
277.68,27912650752
277.97,27912650752
278.25,27912650752
278.53,27912650752
278.81,27912650752
279.10,27912650752
279.38,27912650752
279.66,27912650752
279.94,27912650752
280.21,27912650752
280.49,27912650752
280.77,27912650752
281.05,27912650752
281.33,27912650752
281.61,27912650752
281.88,27912650752
282.15,27912650752
282.43,27912650752
282.71,27912650752
282.99,27912650752
283.27,27912650752
283.55,27912650752
283.83,27912650752
284.11,27912650752
284.39,27912650752
284.67,27912650752
284.95,27912650752
285.23,27912650752
285.50,27912650752
285.78,27912650752
286.06,27912650752
286.35,27912650752
286.63,27912650752
286.91,27912650752
287.19,27912650752
287.47,27912650752
287.75,27912650752
288.03,27912650752
288.31,27912650752
288.59,27912650752
288.87,27912650752
289.15,27912650752
289.43,27912650752
289.71,27912650752
289.99,27912650752
290.27,27912650752
290.55,27912650752
290.83,27912650752
291.11,27912650752
291.39,27912650752
291.67,27912650752
291.95,27912650752
292.23,27912650752
292.51,27912650752
292.79,27912650752
293.07,27912650752
293.36,27912650752
293.63,27912650752
293.91,27912650752
294.19,27912650752
294.47,27912650752
294.75,27912650752
295.02,27912650752
295.31,27912650752
295.58,27912650752
295.86,27912650752
296.14,27912650752
296.42,27912650752
296.70,27912650752
296.99,27912650752
297.27,27912650752
297.54,27912650752
297.82,27912650752
298.11,27912650752
298.38,27912650752
298.66,27912650752
298.94,27912650752
299.23,27912650752
299.51,27912650752
299.79,27912650752
300.07,27912650752
300.35,27912650752
300.62,27912650752
300.91,27912650752
301.19,27912650752
301.46,27912650752
301.74,27912650752
302.02,27912650752
302.30,27912650752
302.58,27912650752
302.86,27912650752
303.14,27912650752
303.42,27912650752
303.71,27912650752
303.99,27912650752
304.26,27912650752
304.55,27912650752
304.82,27912650752
305.10,27912650752
305.39,27912650752
305.66,27912650752
305.95,27912650752
306.23,27912650752
306.51,27912650752
306.79,27912650752
307.08,27912650752
307.36,27912650752
307.64,27912650752
307.92,27912650752
308.20,27912650752
308.48,27912650752
308.76,27912650752
309.04,27912650752
309.32,27912650752
309.61,27912650752
309.89,27912650752
310.17,27912650752
310.45,27912650752
310.74,27912650752
311.01,27912650752
311.29,27912650752
311.57,27912650752
311.85,27912650752
312.13,27912650752
312.41,27912650752
312.69,27912650752
312.97,27912650752
313.25,27912650752
313.54,27912650752
313.81,27912650752
314.10,27912650752
314.38,27912650752
314.66,27912650752
314.95,27912650752
315.23,27912650752
315.51,27912650752
315.79,27912650752
316.07,27912650752
316.35,27912650752
316.64,27912650752
316.92,27912650752
317.20,27912650752
317.48,27912441856
317.77,27912572928
318.05,27912572928
318.33,27912572928
318.61,27912572928
318.89,27912572928
319.18,27912572928
319.46,27912572928
319.74,27912572928
320.02,27912572928
320.30,27912572928
320.58,27912572928
320.86,27912572928
321.14,27912572928
321.42,27912572928
321.70,27912572928
321.98,27912572928
322.26,27912572928
322.55,27912572928
322.83,27912572928
323.11,27912572928
323.40,27912572928
323.68,27912572928
323.97,27912572928
324.25,27912572928
324.54,27912572928
324.82,27912572928
325.10,27912572928
325.39,27912572928
325.67,27912572928
325.95,27912572928
326.23,55822344192
326.52,55822344192
326.80,55822344192
327.08,55822344192
327.36,55792332800
327.64,55762841600
327.92,55732695040
328.20,55702286336
328.48,55671615488
328.76,55641337856
329.05,55610798080
329.33,55580442624
329.61,55550427136
329.89,55520804864
330.17,55491330048
330.45,55461052416
330.73,55431692288
331.01,55402332160
331.29,55372578816
331.57,55342563328
331.85,55312285696
332.13,55282401280
332.41,55252254720
332.69,55222632448
332.96,55191568384
333.25,55161290752
333.53,55131406336
333.81,55100997632
334.10,55069671424
334.38,55038738432
334.66,55008591872
334.95,54978052096
335.23,54948036608
335.51,54917496832
335.79,54887743488
336.07,54857728000
336.35,54827319296
336.63,54795993088
336.92,54765977600
337.21,54735831040
337.49,54704508928
337.77,54674886656
338.05,54643953664
338.33,54613938176
338.61,54584053760
338.89,54554038272
339.17,54523105280
339.45,54492696576
339.73,54462287872
340.01,54432796672
340.29,54402781184
340.57,54372634624
340.86,54342008832
341.14,54311469056
341.43,54281060352
341.71,54251175936
341.98,54221160448
342.27,54190358528
342.55,54160736256
342.83,54130720768
343.11,54100180992
343.39,54069772288
343.67,54039887872
343.95,54010134528
344.24,53979463680
344.52,53949054976
344.81,53918011392
345.09,53887471616
345.37,53858111488
345.65,53828096000
345.93,53798998016
346.21,53769900032
346.49,53739491328
346.77,53709737984
347.06,53680377856
347.33,53649879040
347.62,53620125696
347.90,53590835200
348.18,53561475072
348.46,53530804224
348.75,53501009920
349.03,53470863360
349.31,53440716800
349.59,53410631680
349.87,53381009408
350.16,53351518208
350.44,53321371648
350.73,53292142592
351.00,53263437824
351.28,53233291264
351.57,53203406848
351.85,53173653504
352.13,53143638016
352.41,53114146816
352.69,53086752768
352.98,53058703360
353.25,53028818944
353.53,52999065600
353.81,52969705472
354.09,52940083200
354.38,52910067712
354.66,52879921152
354.94,52850692096
355.23,52821463040
355.50,52791185408
355.79,52761563136
356.06,52732334080
356.35,52702711808
356.62,52673220608
356.90,52643860480
357.18,52615548928
357.45,52586188800
357.73,52555399168
358.02,52526301184
358.30,52496547840
358.58,52467056640
358.86,52437565440
359.14,52408598528
359.42,52379369472
359.70,52349878272
359.98,52321566720
360.25,52292075520
360.53,52262584320
360.81,52233355264
361.09,52205043712
361.37,52175290368
361.65,52146192384
361.93,52117225472
362.21,52086947840
362.49,52057325568
362.77,52028358656
363.05,51999260672
363.32,51970031616
363.60,51940540416
363.88,51911180288
364.17,51881689088
364.45,51852066816
364.73,51822313472
365.01,51794264064
365.29,51764772864
365.57,51734495232
365.85,51704762368
366.13,51676319744
366.40,51646566400
366.69,51617468416
366.96,51588108288
367.25,51558223872
367.53,51528470528
367.81,51498979328
368.09,51469881344
368.37,51439996928
368.65,51410636800
368.93,51381276672
369.21,51352047616
369.49,51322032128
369.78,51293065216
370.06,51264622592
370.33,51236311040
370.62,51206709248
370.89,51177742336
371.18,51148382208
371.46,51119022080
371.74,51089268736
372.02,51059384320
372.30,51029630976
372.58,50999615488
372.87,50969862144
373.15,50940764160
373.43,50911666176
373.70,50882629632
373.99,50853531648
374.26,50823647232
374.55,50793500672
374.83,50764795904
375.11,50735173632
375.38,50704633856
375.67,50675929088
375.95,50646437888
376.23,50616684544
376.51,50586013696
376.80,50555342848
377.08,50525151232
377.36,50495397888
377.64,50464882688
377.92,50434473984
378.20,50404327424
378.48,50374049792
378.76,50343772160
379.04,50313494528
379.32,50282561536
379.61,50251366400
379.90,50222137344
380.18,50192121856
380.46,50161844224
380.74,50130780160
381.02,50101157888
381.30,50070880256
381.58,50040471552
381.86,50010193920
382.13,49980047360
382.41,49950162944
382.69,49920409600
382.97,49890656256
383.25,49860247552
383.53,49829969920
383.82,49799299072
384.10,49768759296
384.38,49739137024
384.66,49708728320
384.94,49678712832
385.22,49648828416
385.50,49618550784
385.78,49588011008
386.06,49558126592
386.35,49528897536
386.63,49498095616
386.90,49467686912
387.19,49436884992
387.47,49406345216
387.75,49376722944
388.03,49346052096
388.31,49315643392
388.59,49284972544
388.87,49254563840
389.15,49224679424
389.43,49194532864
389.71,49164517376
389.99,49134239744
390.27,49102913536
390.56,49071980544
390.84,49041702912
391.12,49012342784
391.39,48981671936
391.67,48951001088
391.96,48920199168
392.24,48890052608
392.52,48860299264
392.80,48829759488
393.08,48798957568
393.37,48769466368
393.64,48738664448
393.92,48708780032
394.20,48678764544
394.49,48648093696
394.77,48618471424
395.05,48588980224
395.32,48558571520
395.61,48528162816
395.89,48497623040
396.17,48466690048
396.45,48436412416
396.74,48406265856
397.02,48375463936
397.30,48345710592
397.58,48315432960
397.86,48284762112
398.14,48254746624
398.42,48225779712
398.70,48195633152
398.98,48165093376
399.26,48133242880
399.55,48102703104
399.83,48072687616
400.11,48042934272
400.39,48012656640
400.67,47982641152
400.94,47952494592
401.23,47921692672
401.51,47891677184
401.79,47860342784
402.08,47830065152
402.36,47799787520
402.63,47769903104
402.92,47739625472
403.20,47708954624
403.48,47677759488
403.77,47647350784
404.05,47617597440
404.32,47587581952
404.60,47558746112
404.89,47529254912
405.17,47499239424
405.45,47467782144
405.73,47443664896
406.01,47414960128
406.29,47384944640
406.57,47357026304
406.86,47327010816
407.13,47296471040
407.42,47265800192
407.70,47236177920
407.98,47205539840
408.26,47176704000
408.53,47146426368
408.81,47116148736
409.10,47086133248
409.37,47055986688
409.65,47026102272
409.93,46996217856
410.21,46966071296
410.49,46935662592
410.77,46906134528
411.05,46876250112
411.32,46845579264
411.60,46814121984
411.89,46783451136
412.17,46752780288
412.46,46722633728
412.73,46692093952
413.02,46662078464
413.29,46631407616
413.58,46600998912
413.85,46571638784
414.13,46540705792
414.41,46510297088
414.70,46479626240
414.97,46449872896
415.26,46419595264
415.54,46388662272
415.82,46358384640
416.10,46327975936
416.38,46296387584
416.67,46267158528
416.94,46237536256
417.22,46207258624
417.50,46175727616
417.78,46144794624
418.06,46113730560
418.35,46083452928
418.62,46052782080
418.91,46022111232
419.19,45991702528
419.47,45960769536
419.75,45931147264
420.03,45900869632
420.31,45870198784
420.60,45839659008
420.88,45810036736
421.15,45779890176
421.43,45748957184
421.72,45718548480
421.99,45688401920
422.28,45657993216
422.56,45627715584
422.84,45597437952
423.12,45567684608
423.40,45537538048
423.68,45507653632
423.95,45477376000
424.23,45446836224
424.51,45416165376
424.80,45385887744
425.08,45355479040
425.36,45352988672
425.64,45344468992
425.92,45316157440
426.20,45285617664
426.48,45254291456
426.76,45223227392
427.05,45192687616
427.32,45162016768
427.61,45132394496
427.88,45102379008
428.16,45071708160
428.44,45041430528
428.73,45011283968
429.00,44981137408
429.29,44950597632
429.57,44924219392
429.85,44924219392
430.13,27912654848
430.42,27912654848
430.69,27912654848
430.98,27912654848
431.26,27912654848
431.54,27912654848
431.82,27912654848
432.11,27912654848
432.39,27912654848
432.67,27912654848
432.95,27912654848
433.23,27912654848
433.50,27912654848
433.79,27912654848
434.07,27912654848
434.35,27912654848
434.63,27912654848
434.91,27912654848
435.19,27912654848
435.48,27912654848
435.75,27912654848
436.04,27912654848
436.32,27912654848
436.60,27912654848
436.87,27912654848
437.15,27912654848
437.44,27912450048
437.72,27912450048
438.00,27912450048
438.27,27912450048
438.56,27912450048
438.84,27912450048
439.12,27912450048
439.39,27912450048
439.67,27912450048
439.95,27912450048
440.23,27912450048
440.51,27912450048
440.79,27912450048
441.07,27912450048
441.35,27912450048
441.63,27912450048
441.91,27912450048
442.19,27912450048
442.47,27912450048
442.75,27912450048
443.03,27912450048
443.31,27912450048
443.60,27912450048
443.88,27912450048
444.16,27912450048
444.43,27912450048
444.72,27912450048
445.00,27912450048
445.27,27912450048
445.56,27912450048
445.83,27912450048
446.11,27912450048
446.40,27912450048
446.68,27912450048
446.96,27912450048
447.24,27912450048
447.52,27912450048
447.80,27912450048
448.07,27912450048
448.36,27912450048
448.64,27912450048
448.92,27912450048
449.19,27912450048
449.47,27912450048
449.75,27912450048
450.04,27912450048
450.32,27912450048
450.60,27912450048
450.88,27912450048
451.16,27912450048
451.44,27912450048
451.72,27912450048
452.00,27912450048
452.28,27912450048
452.57,27912450048
452.85,27912450048
453.13,27912581120
453.41,27912581120
453.69,27912581120
453.97,27912843264
454.25,27912843264
454.53,27912843264
454.81,27912843264
455.10,27912843264
455.38,27912843264
455.66,27912843264
455.94,27912843264
456.22,27912843264
456.51,27912843264
456.79,27912843264
457.07,27912843264
457.35,27912843264
457.63,27912650752
457.91,27912650752
458.19,27912650752
458.47,27912650752
458.75,27912650752
459.03,27912650752
459.31,27912650752
459.59,27912650752
459.86,27912650752
460.15,27912650752
460.43,27912650752
460.70,27912650752
460.98,27912650752
461.25,27912650752
461.53,27912650752
461.81,27912650752
462.09,27912650752
462.37,27912650752
462.66,27912650752
462.94,27912650752
463.22,27912650752
463.49,27912650752
463.78,27912650752
464.06,27912650752
464.34,27912650752
464.62,27912650752
464.90,27912650752
465.18,27912650752
465.46,27912650752
465.74,27912650752
466.02,27912650752
466.30,27912650752
466.57,27912650752
466.86,27912650752
467.14,27912650752
467.43,27912650752
467.71,27912650752
467.99,27912650752
468.27,27912650752
468.56,27912650752
468.85,27912650752
469.12,27912781824
469.40,27912781824
469.68,27912781824
469.96,27912781824
470.25,27912781824
470.53,27912781824
470.81,27912781824
471.10,27912781824
471.38,27912781824
471.67,27912781824
471.95,27912781824
472.23,27912781824
472.50,27912781824
472.79,27912781824
473.07,27912781824
473.35,27912781824
473.64,27912781824
473.92,27912781824
474.20,27912781824
474.48,27912781824
474.76,27912781824
475.04,27912781824
475.32,27912781824
475.61,27912781824
475.89,27912781824
476.17,27912781824
476.45,27912781824
476.73,27912781824
477.01,27912781824
477.30,27912781824
477.58,27912781824
477.85,27912781824
478.13,27912781824
478.41,27912781824
478.70,27912781824
478.97,27912781824
479.26,27912781824
479.54,27912781824
479.81,27912781824
480.10,27912781824
480.38,27912781824
480.66,27912781824
480.94,27912781824
481.22,27912781824
481.50,27912781824
481.79,27912781824
482.07,27912781824
482.35,27912781824
482.63,27912781824
482.91,27912781824
483.20,27912781824
483.48,27912781824
483.76,27912781824
484.05,27912781824
484.32,27912781824
484.61,27912781824
484.88,27912781824
485.16,27912781824
485.44,27912781824
485.73,27912781824
486.01,27912781824
486.28,27912781824
486.57,27912781824
486.85,27912781824
487.13,27912781824
487.42,27912781824
487.71,27912781824
487.99,27912781824
488.27,27912781824
488.55,27912781824
488.83,27912781824
489.11,27912781824
489.39,27912781824
489.67,27912781824
489.95,27912781824
490.22,27912781824
490.50,27912781824
490.79,27912781824
491.07,27912781824
491.35,27912781824
491.64,27912781824
491.92,27912781824
492.19,27912781824
492.47,27912781824
492.75,27912781824
493.03,27912781824
493.31,27912781824
493.59,27912781824
493.86,27912781824
494.15,27912781824
494.42,27912781824
494.70,27912781824
494.98,27912781824
495.26,27912781824
495.53,27912781824
495.82,27912781824
496.10,27912781824
496.39,27912781824
496.67,27912781824
496.94,27912781824
497.22,27912781824
497.50,27912781824
497.78,27912781824
498.06,27912781824
498.35,27912781824
498.63,27912781824
498.91,27912781824
499.19,27912781824
499.48,27912781824
499.76,27912781824
500.04,27912781824
500.33,27912781824
500.61,27912781824
500.89,27912781824
501.18,27912781824
501.45,27912781824
501.74,27912781824
502.02,27912781824
502.30,27912781824
502.58,27912781824
502.86,27912781824
503.14,27912781824
503.42,27912781824
503.70,27912781824
503.98,27912781824
504.26,27912781824
504.54,27912781824
504.82,27912781824
505.10,27912781824
505.38,27912781824
505.66,27912781824
505.94,27912781824
506.22,27912781824
506.50,27912781824
506.78,27912781824
507.07,27912781824
507.35,27912781824
507.62,27912781824
507.90,27912781824
508.18,27912781824
508.46,27912781824
508.74,27912781824
509.03,27912781824
509.31,27912781824
509.59,27912781824
509.88,27912781824
510.16,27912781824
510.44,27912781824
510.72,27912781824
511.00,27912781824
511.28,27912781824
511.56,27912781824
511.84,27912781824
512.12,27912781824
512.40,27912781824
512.67,27912781824
512.96,27912781824
513.24,27912781824
513.52,27912781824
513.81,27912781824
514.09,27912781824
514.37,27912781824
514.65,27912781824
514.93,27912781824
515.21,27912781824
515.49,27912781824
515.77,27912781824
516.04,27912781824
516.32,27912781824
516.61,27912781824
516.88,27912781824
517.16,27912781824
517.44,27912781824
517.72,27912781824
518.01,27912781824
518.29,27912781824
518.56,27912781824
518.84,27912781824
519.12,27912781824
519.39,27912781824
519.68,27912781824
519.96,27912781824
520.23,27912781824
520.52,27912781824
520.80,27912781824
521.08,27912781824
521.36,27912781824
521.65,27912781824
521.93,27912781824
522.21,27912781824
522.49,27912781824
522.77,27912781824
523.05,27912781824
523.34,27912781824
523.62,27912781824
523.91,27912781824
524.19,27912781824
524.47,27912781824
524.75,27912781824
525.03,27912781824
525.31,27912781824
525.59,27912781824
525.87,27912781824
526.15,27912781824
526.43,27912781824
526.71,27912781824
526.99,27912781824
527.27,27912781824
527.55,27912781824
527.84,27912781824
528.12,27912781824
528.40,27912781824
528.68,27912781824
528.96,27912781824
529.25,27912781824
529.52,27912781824
529.80,27912781824
530.08,27912781824
530.37,27912781824
530.65,27912781824
530.93,27912781824
531.21,27912781824
531.49,27912781824
531.77,27912781824
532.05,27912781824
532.33,27912781824
532.61,27912781824
532.89,27912781824
533.17,27912781824
533.45,27912781824
533.73,27912781824
534.00,27912781824
534.29,27912781824
534.57,27912781824
534.85,27912781824
535.13,27912781824
535.41,27912781824
535.69,27912781824
535.97,27912781824
536.25,27912781824
536.54,27912781824
536.82,27912781824
537.09,27912781824
537.38,27912781824
537.66,27912781824
537.94,27912781824
538.22,27912781824
538.50,27912781824
538.78,27912781824
539.06,27912781824
539.34,27912781824
539.63,27912781824
539.91,27912781824
540.19,27912781824
540.47,27912781824
540.76,27912781824
541.03,27912781824
541.31,27912781824
541.59,27912781824
541.87,27912781824
542.15,27912781824
542.43,27912781824
542.71,27912781824
542.99,27912781824
543.28,27912781824
543.55,27912781824
543.83,27912781824
544.11,27912781824
544.39,27912781824
544.67,27912781824
544.95,27912781824
545.22,27912781824
545.50,27912781824
545.78,27912781824
546.06,27912781824
546.34,27912781824
546.62,27912781824
546.89,27912781824
547.17,27912781824
547.46,27912781824
547.74,27912781824
548.02,27912781824
548.30,27912781824
548.58,27912781824
548.87,27912781824
549.14,27912781824
549.41,27912781824
549.69,27912781824
549.97,27912781824
550.25,27912781824
550.54,27912781824
550.82,27912781824
551.10,27912781824
551.39,27912781824
551.67,27912781824
551.96,27912781824
552.24,27912781824
552.52,27912781824
552.80,27912781824
553.09,27912781824
553.37,27912781824
553.65,27912781824
553.93,27912781824
554.21,27912781824
554.49,27912781824
554.76,27912781824
555.04,27912781824
555.32,27912781824
555.61,27912781824
555.89,27912781824
556.17,27912781824
556.46,27912781824
556.74,27912781824
557.02,27912781824
557.30,27912781824
557.58,27912781824
557.86,27912781824
558.14,27912781824
558.42,27912781824
558.70,27912781824
558.98,27912781824
559.27,27912781824
559.55,27912781824
559.83,27912781824
560.11,27912781824
560.39,27912781824
560.67,27912781824
560.95,27912781824
561.24,27912781824
561.52,27912781824
561.79,27912781824
562.08,27912781824
562.36,27912781824
562.64,27912781824
562.93,27912781824
563.21,27912781824
563.49,27912781824
563.77,27912781824
564.05,27912781824
564.33,27912781824
564.61,27912781824
564.89,27912781824
565.17,27912781824
565.44,27912781824
565.73,27912781824
566.01,27912781824
566.29,27912781824
566.57,27912781824
566.86,27912781824
567.13,27912781824
567.42,27912781824
567.70,27912577024
567.97,27912577024
568.25,27912577024
568.54,27912577024
568.82,27912577024
569.10,27912577024
569.38,27912577024
569.65,27912577024
569.94,27912577024
570.22,27912577024
570.50,27912577024
570.78,27912577024
571.06,27912577024
571.34,27912577024
571.62,27912577024
571.91,27912577024
572.19,27912577024
572.46,27912577024
572.74,27912577024
573.02,27912577024
573.30,27912577024
573.58,27912577024
573.86,27912577024
574.14,27912577024
574.42,27912577024
574.70,27912577024
574.98,27912577024
575.27,27912577024
575.55,27912577024
575.84,27912577024
576.12,27912577024
576.40,27912577024
576.69,27912577024
576.97,27912577024
577.25,27912577024
577.53,27912577024
577.81,27912577024
578.09,27912577024
578.37,27912577024
578.66,27912577024
578.94,27912577024
579.22,27912577024
579.50,27912708096
579.78,27912708096
580.06,27912970240
580.34,27912970240
580.62,27912970240
580.91,27912970240
581.18,27912970240
581.46,27912970240
581.74,27912970240
582.02,27912970240
582.29,27912970240
582.58,27912970240
582.86,27912970240
583.14,27912970240
583.42,27912970240
583.71,27912970240
583.99,27912970240
584.27,27912970240
584.55,27912970240
584.83,27912970240
585.12,27912970240
585.39,27912970240
585.67,27912970240
585.96,27912970240
586.24,27912970240
586.52,27912970240
586.80,27912970240
587.08,27912970240
587.36,27912970240
587.64,27912970240
587.91,27912970240
588.20,27912970240
588.48,27912970240
588.76,27912970240
589.04,27912970240
589.32,27912970240
589.61,27912970240
589.88,27912970240
590.16,27912970240
590.45,27912970240
590.73,27912970240
591.01,27912970240
591.29,27912970240
591.57,27912970240
591.85,27912970240
592.13,27912970240
592.41,27912970240
592.69,27912970240
592.97,27912970240
593.25,27912970240
593.53,27912970240
593.82,27912970240
594.10,27912970240
594.39,27912970240
594.66,27912970240
594.95,27912970240
595.23,27912970240
595.51,27912970240
595.79,27912970240
596.07,27912970240
596.35,27912970240
596.63,27912970240
596.92,27912970240
597.20,27912970240
597.47,27912970240
597.75,27912970240
598.03,27912970240
598.30,27912970240
598.59,27912970240
598.86,27912970240
599.14,27912970240
599.43,27912970240
599.71,27912970240
599.99,27912970240
600.27,27912970240
600.55,27912970240
600.84,27912970240
601.13,27912970240
601.40,27912970240
601.69,27912970240
601.97,27912970240
602.25,27912970240
602.53,27912970240
602.82,27912970240
603.10,27912970240
603.38,27912970240
603.65,27912970240
603.93,27912970240
604.21,27912970240
604.49,27912970240
604.77,27912970240
605.05,27912970240
605.34,27912970240
605.62,27912970240
605.91,27912970240
606.19,27912970240
606.46,27912970240
606.74,27912970240
607.02,27912970240
607.31,27912970240
607.59,27912593408
607.87,27912593408
608.16,27912593408
608.44,27912593408
608.73,27912593408
609.01,27912593408
609.29,27912593408
609.58,27912593408
609.86,27912593408
610.14,27912593408
610.42,27912593408
610.70,27912593408
610.98,27912593408
611.26,27912593408
611.54,27912593408
611.82,27912593408
612.10,27912593408
612.38,27912593408
612.66,27912593408
612.94,27912593408
613.21,27912593408
613.50,27912593408
613.77,27912593408
614.05,27912593408
614.33,27912593408
614.61,27912593408
614.89,27912593408
615.18,27912593408
615.46,27912593408
615.74,27912593408
616.03,27912593408
616.32,27912593408
616.60,27912724480
616.88,27912724480
617.16,27912724480
617.45,27912724480
617.73,27912724480
618.01,27912724480
618.29,27912724480
618.57,27912724480
618.86,27912724480
619.14,27912724480
619.41,27912724480
619.70,27912724480
619.98,27912724480
620.25,27912724480
620.54,27912724480
620.82,27912724480
621.10,27912724480
621.38,27912724480
621.66,27912724480
621.95,27912724480
622.22,27912724480
622.50,27912724480
622.79,27912724480
623.06,27912724480
623.35,27912724480
623.63,27912724480
623.91,27912724480
624.19,27912724480
624.48,27912724480
624.76,27912724480
625.05,27912724480
625.32,27912724480
625.60,27912724480
625.88,27912724480
626.16,27912724480
626.45,27912724480
626.73,27912724480
627.01,27912724480
627.29,27912724480
627.57,27912544256
627.85,27912544256
628.13,27912544256
628.41,27912544256
628.69,27912544256
628.97,27912544256
629.25,27912544256
629.53,27912544256
629.81,27912544256
630.09,27912544256
630.37,27912544256
630.65,27912544256
630.94,27912544256
631.22,27912544256
631.50,27912544256
631.79,27912544256
632.06,27912544256
632.34,27912544256
632.62,27912544256
632.91,27912544256
633.19,27912544256
633.47,27912544256
633.75,27912544256
634.02,27912544256
634.30,27912806400
634.58,27912806400
634.86,27912806400
635.14,27912806400
635.42,27912806400
635.70,27912806400
635.99,27912806400
636.27,27912806400
636.55,27912806400
636.83,27912806400
637.11,27912806400
637.39,27912806400
637.68,27912806400
637.97,27912806400
638.24,27912806400
638.52,27912806400
638.80,27912806400
639.09,27912806400
639.37,27912806400
639.65,27912806400
639.93,27912806400
640.21,27912806400
640.49,27912806400
640.77,27912806400
641.05,27912806400
641.33,27912806400
641.61,27912806400
641.89,27912806400
642.17,27912806400
642.45,27912806400
642.73,27912806400
643.01,27912806400
643.29,27912806400
643.58,27912806400
643.85,27912806400
644.14,27912806400
644.42,27912806400
644.69,27912806400
644.98,27912806400
645.26,27912806400
645.54,27912806400
645.83,27912806400
646.11,27912806400
646.39,27912806400
646.67,27912806400
646.96,27912806400
647.24,27912806400
647.52,27912601600
647.80,27912601600
648.08,27912601600
648.36,27912601600
648.64,27912601600
648.93,27912601600
649.21,27912601600
649.50,27912601600
649.78,27912601600
650.06,27912601600
650.34,27912601600
650.62,27912601600
650.90,27912601600
651.18,27912601600
651.47,27912601600
651.75,27912601600
652.03,27912601600
652.32,27912601600
652.60,27912601600
652.88,27912601600
653.16,27912601600
653.44,27912601600
653.73,27912601600
654.01,27912601600
654.28,27912601600
654.57,27912601600
654.84,27912601600
655.12,27912601600
655.41,27912601600
655.69,27912601600
655.98,27912601600
656.26,27912601600
656.54,27912601600
656.83,27912601600
657.10,27912601600
657.38,27912601600
657.66,27912601600
657.95,27912601600
658.23,27912601600
658.51,27912601600
658.79,27912601600
659.07,27912601600
659.35,27912601600
659.63,27912601600
659.91,27912601600
660.20,27912601600
660.48,27912601600
660.76,27912601600
661.04,27912601600
661.32,27912601600
661.61,27912601600
661.89,27912601600
662.18,27912601600
662.46,27912601600
662.74,27912601600
663.02,27912601600
663.30,27912601600
663.58,27912601600
663.86,27912601600
664.14,27912601600
664.42,27912601600
664.70,27912601600
664.98,27912601600
665.26,27912601600
665.54,27912601600
665.82,27912601600
666.10,27912601600
666.38,27912601600
666.66,27912601600
666.94,27912601600
667.23,27912601600
667.51,27912601600
667.79,27912601600
668.08,27912601600
668.36,27912601600
668.64,27912601600
668.93,27912601600
669.21,27912601600
669.49,27912601600
669.78,27912601600
670.06,27912601600
670.35,27912601600
670.62,27912601600
670.90,27912601600
671.18,27912601600
671.46,27912601600
671.74,27912601600
672.03,27912601600
672.31,27912601600
672.59,27912601600
672.88,27912601600
673.16,27912601600
673.44,27912601600
673.71,27912601600
673.99,27912601600
674.27,27912601600
674.55,27912601600
674.83,27912601600
675.11,27912601600
675.38,27912601600
675.67,27912601600
675.95,27912601600
676.23,27912601600
676.51,27912601600
676.80,27912601600
677.08,27912601600
677.36,27912601600
677.63,27912601600
677.91,27912601600
678.20,27912732672
678.48,27912732672
678.77,27912732672
679.05,27912732672
679.33,27912732672
679.61,27912732672
679.89,27912732672
680.17,27912732672
680.45,27912732672
680.74,27912732672
681.02,27912732672
681.30,27912732672
681.59,27912732672
681.87,27912732672
682.15,27912732672
682.43,27912732672
682.71,27912732672
682.99,27912732672
683.27,27912732672
683.55,27912732672
683.84,27912732672
684.12,27912732672
684.40,27912732672
684.69,27912732672
684.97,27912732672
685.25,27912732672
685.53,27912732672
685.81,27912732672
686.09,27912732672
686.38,27912732672
686.66,27912732672
686.95,27912732672
687.23,27912732672
687.51,27912499200
687.79,27912499200
688.07,27912499200
688.35,27912499200
688.63,27912499200
688.91,27912499200
689.19,27912499200
689.48,27912630272
689.76,27912630272
690.04,27912630272
690.32,27912630272
690.60,27912630272
690.89,27912630272
691.17,27912630272
691.45,27912630272
691.74,27912630272
692.02,27912630272
692.30,27912630272
692.58,27912630272
692.86,27912630272
693.15,27912630272
693.42,27912630272
693.71,27912630272
693.99,27912630272
694.27,27912630272
694.55,27912630272
694.83,27912630272
695.11,27912630272
695.39,27912630272
695.67,27912630272
695.95,27912630272
696.23,27912630272
696.51,27912630272
696.79,27912630272
697.07,27912630272
697.36,27912630272
697.64,27912482816
697.93,27912482816
698.21,27912613888
698.49,27912613888
698.77,27912613888
699.05,27912613888
699.34,27912613888
699.62,27912613888
699.90,27912613888
700.19,27912613888
700.47,27912613888
700.75,27912613888
701.04,27912613888
701.32,27912613888
701.61,27912613888
701.89,27912613888
702.17,27912613888
702.44,27912613888
702.73,27912613888
703.00,27912613888
703.29,27912613888
703.57,27912613888
703.85,27912613888
704.13,27912613888
704.41,27912613888
704.69,27912613888
704.97,27912613888
705.25,27912613888
705.53,27912613888
705.81,27912613888
706.09,27912613888
706.37,27912613888
706.65,27912613888
706.94,27912613888
707.22,27912613888
707.51,27912474624
707.79,27912474624
708.07,27912474624
708.35,27912474624
708.62,27912474624
708.91,27912474624
709.19,27912605696
709.48,27912605696
709.75,27912605696
710.03,27912605696
710.31,27912605696
710.59,27912605696
710.88,27912605696
711.16,27912605696
711.44,27912605696
711.73,27912605696
712.01,27912605696
712.30,27912605696
712.57,27912605696
712.86,27912605696
713.14,27912867840
713.43,27912867840
713.71,27912867840
713.99,27912867840
714.28,27912867840
714.56,27912867840
714.84,27912867840
715.13,27912867840
715.41,27912867840
715.69,27912867840
715.97,27912867840
716.25,27912867840
716.53,27912867840
716.82,27912867840
717.10,27912867840
717.38,27912867840
717.67,27912867840
717.95,27912867840
718.23,27912867840
718.52,27912867840
718.80,27912867840
719.08,27912867840
719.37,27912867840
719.65,27912867840
719.93,27912867840
720.21,27912867840
720.49,27912867840
720.77,27912867840
721.05,27912867840
721.34,27912867840
721.62,27912867840
721.90,27912867840
722.18,27912867840
722.46,27912867840
722.75,27912867840
723.03,27912867840
723.31,27912867840
723.58,27912867840
723.87,27912867840
724.14,27912867840
724.42,27912867840
724.70,27912867840
724.97,27912867840
725.25,27912867840
725.53,27912867840
725.82,27912867840
726.09,27912867840
726.38,27912867840
726.66,27912867840
726.95,27912867840
727.22,27912867840
727.50,27912867840
727.79,27912867840
728.07,27912867840
728.35,27912867840
728.63,27912867840
728.91,27912867840
729.19,27912867840
729.47,27912867840
729.75,27912867840
730.03,27912867840
730.31,27912867840
730.59,27912867840
730.88,27912867840
731.16,27912867840
731.44,27912867840
731.72,27912867840
732.00,27912867840
732.28,27912867840
732.57,27912867840
732.85,27912867840
733.13,27912867840
733.42,27912867840
733.70,27912867840
733.98,27912867840
734.27,27912867840
734.55,27912867840
734.83,27912867840
735.12,27912867840
735.40,27912867840
735.68,27912867840
735.97,27912867840
736.25,27912867840
736.53,27912867840
736.81,27912867840
737.10,27912867840
737.38,27912867840
737.66,27912536064
737.94,27912667136
738.23,27912667136
738.50,27912667136
738.79,27912667136
739.07,27912667136
739.35,27912667136
739.62,27912667136
739.90,27912667136
740.19,27912667136
740.47,27912667136
740.75,27912667136
741.03,27912667136
741.31,27912667136
741.60,27912798208
741.88,27912798208
742.16,27912798208
742.44,27912798208
742.72,27912798208
743.00,27912798208
743.28,27912798208
743.57,27912798208
743.85,27912798208
744.13,27912798208
744.41,27912798208
744.69,27912798208
744.97,27912798208
745.26,27912798208
745.53,27912798208
745.82,27912798208
746.10,27912798208
746.38,27912798208
746.67,27912798208
746.95,27912798208
747.23,27912798208
747.51,27912798208
747.79,27912798208
748.07,27912798208
748.35,27912798208
748.63,27912798208
748.91,27912798208
749.19,27912798208
749.47,27912798208
749.75,27912798208
750.04,27912798208
750.32,27912798208
750.60,27912798208
750.88,27912798208
751.16,27912798208
751.44,27912798208
751.72,27912798208
752.01,27912798208
752.29,27912798208
752.57,27912798208
752.85,27912798208
753.13,27912798208
753.41,27912798208
753.69,27912798208
753.98,27912798208
754.25,55822741504
754.53,55822741504
754.81,55822741504
755.09,55819202560
755.37,55792594944
755.64,55764807680
755.93,55737085952
756.21,55710085120
756.48,55682822144
756.76,55654903808
757.05,55627272192
757.32,55598698496
757.60,55570124800
757.89,55541944320
758.17,55513726976
758.44,55485939712
758.73,55457640448
759.00,55428935680
759.28,55400493056
759.57,55371919360
759.85,55342690304
760.13,55313723392
760.41,55285018624
760.70,55256576000
760.98,55228264448
761.25,55200346112
761.53,55171510272
761.82,55143198720
762.09,55114403840
762.38,55085961216
762.66,55057747968
762.94,55029456896
763.22,55000883200
763.50,54972571648
763.78,54944161792
764.06,54916636672
764.34,54888062976
764.62,54860013568
764.90,54830915584
765.18,54801817600
765.47,54773637120
765.75,54745063424
766.03,54716358656
766.32,54687260672
766.59,54658818048
766.87,54629588992
767.15,54601015296
767.43,54571917312
767.72,54543343616
768.00,54515163136
768.28,54486720512
768.56,54457753600
768.84,54429048832
769.12,54402048000
769.40,54373474304
769.68,54343852032
769.97,54315016192
770.25,54286442496
770.53,54257999872
770.81,54229557248
771.09,54200983552
771.37,54172016640
771.64,54144098304
771.93,54114607104
772.21,54085902336
772.49,54057984000
772.77,54029017088
773.05,54000181248
773.33,53970558976
773.62,53941198848
773.90,53911183360
774.18,53881692160
774.47,53852332032
774.74,53823102976
775.02,53794004992
775.30,53763858432
775.58,53734473728
775.86,53706031104
776.14,53674835968
776.42,53644558336
776.71,53615067136
776.99,53585444864
777.26,53555298304
777.54,53525807104
777.82,53495922688
778.11,53466300416
778.38,53436416000
778.67,53406007296
778.95,53377040384
779.23,53348859904
779.51,53318320128
779.78,53288828928
780.06,53258813440
780.34,53229846528
780.62,53200486400
780.90,53170339840
781.18,53140062208
781.46,53110439936
781.75,53080293376
782.02,53050408960
782.30,53020393472
782.59,52991426560
782.87,52961148928
783.15,52931264512
783.43,52901380096
783.71,52871102464
783.99,52840824832
784.27,52810940416
784.56,52781973504
784.83,52752744448
785.12,52723122176
785.40,52693630976
785.68,52663746560
785.96,52635172864
786.25,52605288448
786.53,52574498816
786.80,52544876544
787.08,52514467840
787.37,52484452352
787.65,52454961152
787.92,52424945664
788.20,52395192320
788.48,52372254720
788.76,52342108160
789.04,52312748032
789.32,52283518976
789.60,52253241344
789.88,52223619072
790.16,52193472512
790.44,52163457024
790.72,52133441536
791.00,52107620352
791.28,52077211648
791.57,52045885440
791.85,52015476736
792.13,51984674816
792.41,51953872896
792.69,51923595264
792.97,51893841920
793.25,51864088576
793.53,51833679872
793.81,51803926528
794.09,51774173184
794.37,51744026624
794.65,51714142208
794.93,51684782080
795.21,51654504448
795.49,51624620032
795.77,51594735616
796.05,51564851200
796.33,51534704640
796.61,51503902720
796.90,51474018304
797.17,51444527104
797.46,51413512192
797.74,51383627776
798.02,51353350144
798.30,51322810368
798.59,51293057024
798.87,51262910464
799.15,51232686080
799.43,51202801664
799.71,51173834752
799.99,51143557120
800.27,51114065920
800.56,51084574720
800.84,51054821376
801.12,51025068032
801.40,50995445760
801.68,50965037056
801.96,50935152640
802.24,50905792512
802.52,50876039168
802.80,50846547968
803.09,50817187840
803.37,50786623488
803.65,50757525504
803.92,50728165376
804.20,50698674176
804.49,50669445120
804.76,50639298560
805.05,50609938432
805.32,50580054016
805.60,50549907456
805.88,50519236608
806.17,50489745408
806.45,50459074560
806.73,50429190144
807.01,50399043584
807.29,50368765952
807.58,50337832960
807.86,50307817472
808.14,50278457344
808.42,50248441856
808.70,50218426368
808.98,50188804096
809.26,50158788608
809.54,50127200256
809.82,50096922624
810.10,50066644992
810.38,50036629504
810.66,50005958656
810.94,49974763520
811.22,49944092672
811.51,49913815040
811.79,49883406336
812.06,49852211200
812.35,49822048256
812.62,49791115264
812.90,49760575488
813.18,49730166784
813.47,49699627008
813.75,49668956160
814.04,49638416384
814.32,49608531968
814.60,49578778624
814.88,49548500992
815.16,49517830144
815.45,49489125376
815.73,49459372032
816.01,49428869120
816.28,49399377920
816.56,49369698304
816.84,49340076032
817.12,49309667328
817.40,49279520768
817.68,49249714176
817.96,49219436544
818.24,49189027840
818.52,49158881280
818.81,49128951808
819.09,49098018816
819.38,49067872256
819.65,49037594624
819.93,49007841280
820.21,48978219008
820.49,48947679232
820.77,48917663744
821.05,48886730752
821.34,48856715264
821.62,48826437632
821.90,48797077504
822.17,48767062016
822.45,48736129024
822.74,48706375680
823.02,48676229120
823.30,48645820416
823.58,48615673856
823.86,48586575872
824.14,48556429312
824.42,48526807040
824.70,48497184768
824.98,48467431424
825.26,48438726656
825.54,48407793664
825.82,48377516032
826.10,48347369472
826.39,48316305408
826.67,48285765632
826.96,48254832640
827.24,48224292864
827.52,48193884160
827.80,48163344384
828.08,48132673536
828.37,48103444480
828.64,48072904704
828.92,48042102784
829.20,48011825152
829.48,47981023232
829.77,47950221312
830.05,47919681536
830.33,47888748544
830.61,47858208768
830.89,47827406848
831.17,47796080640
831.45,47766589440
831.73,47735656448
832.01,47703412736
832.29,47672741888
832.57,47641939968
832.85,47610613760
833.13,47579287552
833.41,47548616704
833.69,47517421568
833.97,47486619648
834.25,47455817728
834.52,47425409024
834.80,47394213888
835.09,47363149824
835.37,47332216832
835.65,47301271552
835.93,47270993920
836.21,47239798784
836.49,47209652224
836.77,47178588160
837.05,47148310528
837.33,47117246464
837.61,47085789184
837.90,47054639104
838.18,47023706112
838.46,46992642048
838.74,46960791552
839.02,46929596416
839.30,46898663424
839.59,46867599360
839.86,46836928512
840.14,46806257664
840.42,46775193600
840.70,46744391680
840.98,46714507264
841.25,46683181056
841.53,46652248064
841.81,46620790784
842.09,46590513152
842.37,46559449088
842.65,46527598592
842.94,46496272384
843.22,46465208320
843.50,46434144256
843.78,46403211264
844.06,46372540416
844.34,46342000640
844.62,46310281216
844.90,46279348224
845.18,46248677376
845.46,46217875456
845.73,46186680320
846.01,46156533760
846.29,46125076480
846.57,46093488128
846.85,46062161920
847.13,46031360000
847.41,46000558080
847.69,45969362944
847.97,45938167808
848.25,45907365888
848.53,45876039680
848.81,45845368832
849.09,45833572352
849.38,45833572352
849.66,45803819008
849.94,45772623872
850.23,45741297664
850.51,45710233600
850.78,45680742400
851.07,45649154048
851.35,45619007488
851.62,45587288064
851.91,45555421184
852.19,45524881408
852.47,45493686272
852.75,45461835776
853.04,45430640640
853.32,45399183360
853.61,45367988224
853.89,45337317376
854.17,45306253312
854.45,45275189248
854.74,45243322368
855.02,45212520448
855.30,45181849600
855.58,45151047680
855.86,45119852544
856.14,45089050624
856.42,45057855488
856.70,45026922496
856.98,44997169152
857.25,44966891520
857.53,44935565312
857.81,44923772928
858.09,27912663040
858.37,27912663040
858.66,27912663040
858.94,27912663040
859.23,27912663040
859.50,27912663040
859.78,27912663040
860.06,27912663040
860.34,27912663040
860.62,27912663040
860.91,27912663040
861.19,27912663040
861.47,27912663040
861.75,27912663040
862.04,27912663040
862.32,27912663040
862.61,27912663040
862.89,27912663040
863.17,27912663040
863.45,27912663040
863.73,27912663040
864.02,27912663040
864.30,27912663040
864.58,27912663040
864.86,27912663040
865.14,27912663040
865.43,27912663040
865.71,27912663040
866.00,27912663040
866.28,27912663040
866.55,27912663040
866.84,27912663040
867.12,27912663040
867.40,27912663040
867.68,27912663040
867.96,27912663040
868.24,27912663040
868.51,27912663040
868.79,27912663040
869.08,27912663040
869.36,27912663040
869.64,27912663040
869.92,27912663040
870.20,27912663040
870.49,27912663040
870.77,27912663040
871.05,27912663040
871.33,27912663040
