timestamp_ms,instantaneous_rps
0.00,0.0
0.25,8844.6
0.50,14692.0
0.75,17171.3
1.00,19076.0
1.25,19653.4
1.50,20316.0
1.75,20796.0
2.00,21284.0
2.25,21525.9
2.50,22080.0
2.75,22272.0
3.00,22452.0
3.26,22685.3
3.51,22868.0
3.76,23024.0
4.01,23172.0
4.26,23087.7
4.51,23396.0
4.76,23251.0
5.01,22684.0
5.26,22604.0
5.51,26196.0
5.76,26500.0
6.01,26524.0
6.26,26804.8
6.51,26692.0
6.76,26724.0
7.01,26664.0
7.26,26657.4
7.51,26560.0
7.76,25055.8
8.01,24244.0
8.26,24088.0
8.51,24621.5
8.76,25428.0
9.01,24288.0
9.26,24262.9
9.51,24704.0
9.76,24388.0
10.01,24565.7
10.26,24864.0
10.51,24648.0
10.76,24268.0
11.02,24450.2
11.27,24956.0
11.52,24585.7
11.77,25060.0
12.02,24577.7
12.27,24784.0
12.52,24876.0
12.77,25004.0
13.02,24968.0
13.27,25600.0
13.52,27705.2
13.77,27560.0
14.02,27624.0
14.27,27713.1
14.52,28056.0
14.77,27816.7
15.02,27772.0
15.27,26660.0
15.52,24980.1
15.77,26516.0
16.02,25092.0
16.27,25184.0
16.52,25092.0
16.77,27316.0
17.02,28000.0
17.27,27868.0
17.52,28071.7
17.77,28004.0
18.02,25168.0
18.27,24576.0
18.52,25171.3
18.77,25204.0
19.02,24840.0
19.27,25404.0
19.52,25560.0
19.77,25368.0
20.02,25312.0
20.27,25116.0
20.52,25370.5
20.77,25384.0
21.02,24568.0
21.27,25436.0
21.52,25588.0
21.77,25340.0
22.02,25300.0
22.27,26298.8
22.52,28604.0
22.77,28492.0
23.02,28612.0
23.28,28251.0
23.53,28584.0
23.78,28564.0
24.03,28749.0
24.28,28872.0
24.53,28600.0
24.78,28512.0
25.03,28633.5
25.28,28688.0
25.53,28628.0
25.78,28354.6
26.03,27016.0
26.28,25613.5
26.53,26120.0
26.78,26012.0
27.03,25988.0
27.28,26344.0
27.53,25940.0
27.78,25872.5
28.03,25844.0
28.28,25992.0
28.53,26236.0
28.78,26420.0
29.03,25792.8
29.28,26276.0
29.53,26260.0
29.78,26196.0
30.03,26084.0
30.29,26119.5
30.54,26020.0
30.79,26422.3
31.04,26220.0
31.29,26224.0
31.54,26992.0
31.79,29486.1
32.04,26528.0
32.29,26336.0
32.54,26308.0
32.79,26251.0
33.04,26424.0
33.29,26344.0
33.54,26648.0
33.79,26561.8
34.04,26388.0
34.29,26207.2
34.54,21828.0
34.79,24688.0
35.04,26498.0
35.29,26852.0
35.54,26400.0
35.79,26406.4
36.04,26376.0
36.29,26402.4
36.54,26796.0
36.79,25952.0
37.04,29100.0
37.29,29529.9
37.54,29676.0
37.79,29640.0
38.04,29880.0
38.29,29844.0
38.55,29733.1
38.80,29848.0
39.05,28724.0
39.30,29692.0
39.55,29832.7
39.80,29876.0
40.05,27168.0
40.30,26952.0
40.55,26852.6
40.80,22376.0
41.05,26860.0
41.30,27068.0
41.55,27060.0
41.80,26848.6
42.05,27232.0
42.30,27220.0
42.55,27055.8
42.80,27296.0
43.05,27404.0
43.30,27027.9
43.55,27316.0
43.80,27076.0
44.05,27027.9
44.30,27424.0
44.55,27244.0
44.80,27508.0
45.05,27140.0
45.30,27227.1
45.55,27344.0
45.80,27464.0
46.05,27103.6
46.30,28080.0
46.55,29028.0
46.80,27617.5
47.05,27552.0
47.30,27460.0
47.55,27502.0
47.80,27564.0
48.05,27500.0
48.31,27665.3
48.56,27380.0
48.81,26948.0
49.06,27808.8
49.31,27904.0
49.56,27629.5
49.81,27484.0
50.06,27636.0
50.31,27964.0
50.56,27288.0
50.81,27155.4
51.06,29396.0
51.31,31248.0
51.56,31000.0
51.81,31164.0
52.06,31127.5
52.31,30884.0
52.56,31100.0
52.81,30340.0
53.06,31076.0
53.31,31020.0
53.56,31100.0
53.81,31051.8
54.06,31176.0
54.31,31260.0
54.56,31067.7
54.81,28424.0
55.06,31240.0
55.31,31168.0
55.56,31540.0
55.81,31282.9
56.06,31624.0
56.31,31516.0
56.56,28488.0
56.81,27816.0
57.06,28290.8
57.31,28180.0
57.56,28104.0
57.81,28068.0
58.06,28408.0
58.31,27900.0
58.56,28282.9
58.81,28328.0
59.06,28304.0
59.31,28416.0
59.56,28328.0
59.81,28288.0
60.07,28259.0
60.32,28200.0
60.57,28020.0
60.82,28436.0
61.07,28516.0
61.32,28424.0
61.57,28306.8
61.82,28480.0
62.07,28664.0
62.32,28708.0
62.57,28645.4
62.82,28484.0
63.07,28816.0
63.32,28536.0
63.57,28513.9
63.82,28460.0
64.07,28676.0
64.32,28788.0
64.57,28540.0
64.82,28916.0
65.07,28960.0
65.32,29414.3
65.57,32472.0
65.82,33924.0
66.07,36984.0
66.32,40088.0
66.57,39992.0
66.82,39374.5
67.07,40032.0
67.32,39964.0
67.57,40096.0
67.82,39840.6
68.07,40064.0
68.32,40056.0
68.57,36292.0
68.82,39460.0
69.07,39760.0
69.32,38264.0
69.57,37506.0
69.82,40272.0
70.07,39980.0
70.32,40272.0
70.57,40392.0
70.82,39936.0
71.07,39952.0
71.32,35316.0
71.57,34644.0
71.82,34720.0
72.07,34470.1
72.32,34788.0
72.57,34908.0
72.82,34748.0
73.08,34629.5
73.33,34860.0
73.58,34760.0
73.83,34708.0
74.08,34920.0
74.33,34521.9
74.58,34596.0
74.83,34988.0
75.08,34784.0
75.33,34980.0
75.58,34940.0
75.83,34892.0
76.08,34701.2
76.33,34628.0
76.58,34844.0
76.83,34880.0
77.08,34600.0
77.33,34888.0
77.58,34808.8
77.83,35052.0
78.08,34604.0
78.33,35012.0
78.58,34860.0
78.83,34976.0
79.08,34644.0
79.33,34864.5
79.58,34508.0
79.83,34972.0
80.08,34948.0
80.33,34952.0
80.58,34764.9
80.83,34900.0
81.08,34960.0
81.33,35004.0
81.58,34820.0
81.83,34636.0
82.08,34601.6
82.33,34904.0
82.58,34796.0
82.83,35072.0
83.08,34888.0
83.33,34920.0
83.58,34693.2
83.83,34904.0
84.08,34924.0
84.33,34753.0
84.58,34984.0
84.83,34896.0
85.08,34652.0
85.33,35000.0
85.58,34660.0
85.83,34864.0
86.08,34912.4
86.33,34984.0
86.58,35128.0
86.83,37548.0
87.08,38348.0
87.33,34836.7
87.58,34440.0
87.83,34928.0
88.08,34852.0
88.33,34956.0
88.58,35668.0
88.83,39212.0
89.08,40188.0
89.33,40456.0
89.58,40552.0
89.84,39394.4
90.09,39236.0
90.34,34716.0
90.59,35012.0
90.84,34920.0
91.09,34956.0
91.34,34984.0
91.59,34952.0
91.84,34266.9
92.09,34784.0
92.34,35028.0
92.59,34856.0
92.84,31556.0
93.09,35140.0
93.34,34916.0
93.59,34988.1
93.84,35140.0
94.09,35080.0
94.34,34492.0
94.59,34856.6
94.84,35204.0
95.09,34780.0
95.34,35296.0
95.59,34948.0
95.84,35188.0
96.09,35236.0
96.34,35203.2
96.59,34496.0
96.84,34996.0
97.09,35340.0
97.34,34900.0
97.59,35212.0
97.84,35183.3
98.09,35208.0
98.34,34884.0
98.59,26244.0
98.84,30468.0
99.09,33516.0
99.34,35761.0
99.59,36828.0
99.84,37920.0
100.09,38223.1
100.34,38592.0
100.59,37892.0
100.84,38668.0
101.09,38924.0
101.34,38645.4
101.59,38724.0
101.84,39044.0
102.09,39252.0
102.34,38557.8
102.59,38436.0
102.84,39032.0
103.09,35760.0
103.35,38517.9
103.60,38928.0
103.85,39092.0
104.10,38376.0
104.35,38868.0
104.60,38521.9
104.85,35572.0
105.10,33824.0
105.35,33988.0
105.60,33712.0
105.85,33944.2
106.10,33416.0
106.35,33704.0
106.60,33920.0
106.85,33920.0
107.10,33964.0
107.35,33452.0
107.60,33820.0
107.85,33728.0
108.10,33880.5
108.35,33760.0
108.60,34128.0
108.85,33744.0
109.10,34056.0
109.35,33400.0
109.60,33764.0
109.85,33916.0
110.10,33880.0
110.35,33382.5
110.60,33760.0
110.85,34000.0
111.10,33888.0
111.35,34128.0
111.60,33736.0
111.85,34000.0
112.10,33844.0
112.35,33693.2
112.60,33848.0
112.85,37128.0
113.10,38928.0
113.35,38912.0
113.60,39052.0
113.85,38952.0
114.10,38856.0
114.35,38510.0
114.60,39128.0
114.85,38920.0
115.10,39176.0
115.35,38964.0
115.60,39228.0
115.85,38944.0
116.10,39168.0
116.35,38824.7
116.60,39200.0
116.85,39076.0
117.10,38440.0
117.35,39024.0
117.60,38661.4
117.85,38392.0
118.10,38876.0
118.35,39332.0
118.60,38508.0
118.85,33276.0
119.11,33000.0
119.36,33752.0
119.61,33872.0
119.86,34028.0
120.11,33696.0
120.36,33740.0
120.61,34023.9
120.86,33908.0
121.11,33824.0
121.36,34008.0
121.61,34224.0
121.86,33808.0
122.11,33712.0
122.36,33764.0
122.61,33912.4
122.86,34096.0
123.11,34224.0
123.36,34316.0
123.61,34024.0
123.86,34160.0
124.11,34032.0
124.36,34300.0
124.61,34188.0
124.86,34132.0
125.11,33300.0
125.36,30486.1
125.61,34052.0
125.86,34288.0
126.11,34008.0
126.36,34055.8
126.61,33888.0
126.86,34100.0
127.11,34704.0
127.36,35816.0
127.61,35432.0
127.86,35824.0
128.11,35502.0
128.36,35200.0
128.61,35788.0
128.86,35856.0
129.11,35812.0
129.36,35508.0
129.61,35884.0
129.86,35510.0
130.11,38452.0
130.36,41032.0
130.61,41384.0
130.86,41268.0
131.11,41088.0
131.36,39876.0
131.61,41104.0
131.86,40484.0
132.11,41083.7
132.36,41328.0
132.61,41012.0
132.86,40888.0
133.11,41416.0
133.36,40784.0
133.61,40362.6
133.86,40800.0
134.11,41044.0
134.36,41276.0
134.61,41324.0
134.86,41076.0
135.11,41356.0
135.36,41288.0
135.61,41609.6
135.86,43124.0
136.11,43088.0
136.36,41984.0
136.62,41019.9
136.87,41324.0
137.12,41588.0
137.37,41576.0
137.62,41517.9
137.87,41792.0
138.12,41472.0
138.37,41752.0
138.62,40656.0
138.87,41592.0
139.12,41462.2
139.37,41608.0
139.62,41640.0
139.87,41428.0
140.12,41340.0
140.37,41948.0
140.62,41616.0
140.87,41924.0
141.12,41444.0
141.37,41474.1
141.62,41620.0
141.87,41612.0
142.12,41728.0
142.37,41732.0
142.62,41456.0
142.87,40757.0
143.12,41816.0
143.37,40884.0
143.62,41660.0
143.87,37572.0
144.12,35240.0
144.37,35824.0
144.62,35996.0
144.87,35717.1
145.12,36104.0
145.37,35720.0
145.62,35844.0
145.87,35532.0
146.12,35692.0
146.37,35920.3
146.62,35876.0
146.87,36008.0
147.12,36136.0
147.37,35768.0
147.62,35948.0
147.87,36028.0
148.12,35716.0
148.37,37568.0
148.62,35960.0
148.87,35952.0
149.12,36060.0
149.37,36020.0
149.62,35872.5
149.87,36012.0
150.12,35468.0
150.37,35912.0
150.62,36768.0
150.87,40600.0
151.12,35860.0
151.37,35143.4
151.62,35480.0
151.87,35872.0
152.12,35916.0
152.37,35888.0
152.62,35824.0
152.87,35508.0
153.12,35704.0
153.37,35492.0
153.62,35880.0
153.87,35576.0
154.12,35764.0
154.37,35541.8
154.62,33436.0
154.87,35520.0
155.12,35748.0
155.37,35976.0
155.62,35804.0
155.87,35816.0
156.12,35876.0
156.37,35624.0
156.62,35466.1
156.88,35324.0
157.12,35648.0
157.38,35820.0
157.62,35676.0
157.88,35490.0
158.13,35396.0
158.38,35720.0
158.63,35732.0
158.88,35796.0
159.13,35306.8
159.38,35380.0
159.63,37780.0
159.88,41604.0
160.13,41288.0
160.38,41163.3
160.63,41192.0
160.88,41384.0
161.13,41840.0
161.38,42048.0
161.63,41685.3
161.88,41884.0
162.13,42036.0
162.38,42088.0
162.63,41956.0
162.88,41864.0
163.13,41996.0
163.38,41832.7
163.63,41932.0
163.88,41620.0
164.13,41248.0
164.38,42044.0
164.63,41219.1
164.88,41824.0
165.13,41984.0
165.38,41992.0
165.63,41868.0
165.88,41336.0
166.13,37824.7
166.38,41720.0
166.63,41776.0
166.88,41680.0
167.13,41272.0
167.38,42056.0
167.63,41900.0
167.88,41326.7
168.13,42124.0
168.38,42160.0
168.63,41716.0
168.88,41972.0
169.13,42188.0
169.38,41840.0
169.63,41620.0
169.88,41884.0
170.13,42144.0
170.38,42064.0
170.63,38729.1
170.88,35672.0
171.13,35756.0
171.38,36084.0
171.63,35912.0
171.88,36024.0
172.13,35740.0
172.38,35956.0
172.63,35605.6
172.88,35920.0
173.13,35476.0
173.38,36040.0
173.63,35680.0
173.88,36108.0
174.14,35932.3
174.39,36056.0
174.64,32884.0
174.89,36140.0
175.14,35808.0
175.39,35900.0
175.64,35430.3
175.89,35748.0
176.14,36000.0
176.39,36040.0
176.64,35784.0
176.89,36072.0
177.14,36044.0
177.39,36108.0
177.64,38605.6
177.89,41188.0
178.14,41184.0
178.39,41120.0
178.64,41872.0
178.89,41868.0
179.14,41824.0
179.39,41199.2
179.64,41816.0
179.89,42192.0
180.14,41540.0
180.39,41860.0
180.64,41636.0
180.89,41984.0
181.14,41616.0
181.39,41402.4
181.64,42096.0
181.89,41852.0
182.14,41828.0
182.39,41744.0
182.64,41932.0
182.89,41908.4
183.14,41504.0
183.39,42108.0
183.64,42056.0
183.89,37836.7
184.14,42012.0
184.39,41652.0
184.64,42236.0
184.89,42248.0
185.14,42060.0
185.39,42160.0
185.64,42095.6
185.89,41904.0
186.14,42040.0
186.39,42132.0
186.64,42284.0
186.89,42152.0
187.14,42040.0
187.39,42172.0
187.64,42260.0
187.89,36298.8
188.14,36104.0
188.39,36148.0
188.64,35648.0
188.89,35304.0
189.15,35964.1
189.40,35816.0
189.65,35984.0
189.90,36008.0
190.15,36124.0
190.40,36088.0
190.65,36052.0
190.90,36116.0
191.15,36027.9
191.40,36036.0
191.65,35848.0
191.90,36112.0
192.15,36020.0
192.40,36100.0
192.65,35908.0
192.90,35689.2
193.15,36232.0
193.40,35788.0
193.65,36312.0
193.90,35709.2
194.15,36012.0
194.40,36208.0
194.65,35736.0
194.90,35916.3
195.15,35884.0
195.40,35884.0
195.65,36096.0
195.90,35984.0
196.15,35440.0
196.40,36016.0
196.65,36156.0
196.90,35900.4
197.15,36076.0
197.40,36188.0
197.65,36100.0
197.90,41304.0
198.15,36236.0
198.40,36264.0
198.65,36016.0
198.90,36080.0
199.15,35952.2
199.40,36000.0
199.65,35552.0
199.90,35580.0
200.15,35904.0
200.40,35960.0
200.65,35484.0
200.90,36224.0
201.15,38088.0
201.40,41868.5
201.65,41568.0
201.90,42136.0
202.15,42024.0
202.40,41620.0
202.65,41980.0
202.90,42284.0
203.15,42188.0
203.40,39692.0
203.65,36080.0
203.90,35904.0
204.15,35984.1
204.40,36180.0
204.65,36040.0
204.90,35428.0
205.15,35436.0
205.40,36044.0
205.65,36156.0
205.90,36348.0
206.15,36080.0
206.40,35832.7
206.65,35908.0
206.90,35896.0
207.15,36440.0
207.40,36356.0
207.65,36336.0
207.90,36232.0
208.15,36456.0
208.40,36248.0
208.65,36440.0
208.91,36067.7
209.16,35748.0
209.41,36224.0
209.66,36068.0
209.91,36024.0
210.16,35992.0
210.41,36176.0
210.66,36476.0
210.91,36440.0
211.16,34123.5
211.41,34764.0
211.66,38260.0
211.91,36196.0
212.16,36004.0
212.41,36115.5
212.66,36104.0
212.91,36172.0
213.16,36284.0
213.41,36212.0
213.66,36456.0
213.91,36171.3
214.16,36040.0
214.41,35704.0
214.66,36124.0
214.91,35940.0
215.16,35928.0
215.41,36036.0
215.66,36228.0
215.91,35820.7
216.16,36088.0
216.41,36212.0
216.66,36340.0
216.91,36188.0
217.16,36360.0
217.41,36072.0
217.66,36440.0
217.91,36068.0
218.16,36404.0
218.41,36192.0
218.66,36384.0
218.91,36356.0
219.16,36199.2
219.41,36268.0
219.66,36412.0
219.91,41448.0
220.16,41816.0
220.41,41721.1
220.66,42188.0
220.91,42352.0
221.16,41508.0
221.41,42308.0
221.66,42171.3
221.91,39668.0
222.16,41036.0
222.41,41980.0
222.66,39188.0
222.91,40608.0
223.16,42044.0
223.41,41968.1
223.66,42136.0
223.91,42216.0
224.16,42124.0
224.41,42188.0
224.66,41396.0
224.91,41768.9
225.16,41736.0
225.41,41916.0
225.66,42004.0
225.91,41800.0
226.16,41736.0
226.41,41628.0
226.66,41788.8
226.91,41480.0
227.16,42080.0
227.41,42020.0
227.67,41928.3
227.92,41948.0
228.17,41556.0
228.42,37420.0
228.67,42128.0
228.92,42076.0
229.17,41617.5
229.42,41872.0
229.67,41760.0
229.92,42096.0
230.17,41568.0
230.42,41378.5
230.67,41680.0
230.92,42000.0
231.17,42012.0
231.42,41992.0
231.67,41084.0
231.92,41960.0
232.17,41996.0
232.42,42000.0
232.67,41912.0
232.92,41360.0
233.17,41744.0
233.42,41852.6
233.67,41556.0
233.92,42188.0
234.17,42104.0
234.42,42028.0
234.67,41860.0
234.92,41864.0
235.17,41896.0
235.42,41402.4
235.67,41940.0
235.92,41924.0
236.17,41952.0
236.42,41533.9
236.67,41752.0
236.92,41816.0
237.17,41324.0
237.42,41632.0
237.67,41701.2
237.92,42024.0
238.17,41940.0
238.42,41404.0
238.67,41688.0
238.92,41176.0
239.17,41633.5
239.42,41992.0
239.67,41820.0
239.92,42072.0
240.17,41856.0
240.42,41804.0
240.67,41924.0
240.92,41932.0
241.18,41266.9
241.43,41944.0
241.68,41952.0
241.93,41616.0
242.18,41968.0
242.43,42052.0
242.68,41340.0
242.93,41438.2
243.18,41888.0
243.43,41884.0
243.68,41952.0
243.93,42184.0
244.18,41856.0
244.43,42332.0
244.68,41573.7
244.93,41872.0
245.18,41744.0
245.43,42284.0
245.68,42160.0
245.93,41848.0
246.18,42368.0
246.43,42084.0
246.68,41908.0
246.93,41420.0
247.18,42080.0
247.43,41888.4
247.68,42376.0
247.93,41780.0
248.18,42020.0
248.43,41498.0
248.68,42116.0
248.93,42300.0
249.18,42640.0
249.43,42404.0
249.68,42384.0
249.93,42168.0
250.18,41628.0
250.43,42015.9
250.68,42388.0
250.93,41824.0
251.18,41844.0
251.43,41422.3
251.68,42424.0
251.93,42164.0
252.18,42344.0
252.43,42068.0
252.68,42192.0
252.93,41187.3
253.18,39200.0
253.43,41476.0
253.68,42012.0
253.93,41812.0
254.18,41749.0
254.43,41984.0
254.68,41580.0
254.93,41328.0
255.18,41976.0
255.43,41908.0
255.68,41392.0
255.93,41677.3
256.18,42032.0
256.43,41924.0
256.69,41486.1
256.94,41960.0
257.19,41936.0
257.44,41840.0
257.69,41684.0
257.94,41700.0
258.19,41608.0
258.44,41908.4
258.69,41480.0
258.94,41404.0
259.19,40992.0
259.44,40960.0
259.69,40956.0
259.94,41255.0
260.19,41696.0
260.44,41764.0
260.69,41648.0
260.94,41540.0
261.19,36008.0
261.44,35608.0
261.69,35940.0
261.94,35725.1
262.19,36068.0
262.44,36228.0
262.69,36232.0
262.94,36056.0
263.19,36032.0
263.44,36192.0
263.69,36212.0
263.94,36143.4
264.19,35924.0
264.44,36140.0
264.69,35804.0
264.94,36092.0
265.19,36072.0
265.44,36224.0
265.69,36004.0
265.94,36228.0
266.19,36144.0
266.44,36204.0
266.69,35624.0
266.94,36012.0
267.19,36196.0
267.44,36180.0
267.69,36252.0
267.94,36312.0
268.19,36132.0
268.44,36144.0
268.69,35612.0
268.94,35800.0
269.19,35764.9
269.44,36280.0
269.69,36128.0
269.94,35924.0
270.19,36320.0
270.44,35760.0
270.69,35784.9
270.94,36260.0
271.19,35908.0
271.44,36100.0
271.69,36000.0
271.94,35964.1
272.19,36188.0
272.44,36056.0
272.69,35956.0
272.94,35760.0
273.19,36152.0
273.44,36176.0
273.69,36172.0
273.94,36108.0
274.19,36063.7
274.44,35816.0
274.69,36040.0
274.94,36192.0
275.19,35844.0
275.44,36044.0
275.69,36260.0
275.95,35824.7
276.20,36292.0
276.45,36404.0
276.70,36180.0
276.95,36128.0
277.20,36472.0
277.45,36328.0
277.70,35812.0
277.95,35597.6
278.20,36348.0
278.45,36204.0
278.70,36180.0
278.95,36096.0
279.20,36288.0
279.45,35804.0
279.70,35940.2
279.95,35536.0
280.20,35720.0
280.45,36008.0
280.70,36184.0
280.95,36128.0
281.20,35888.0
281.45,36076.0
281.70,35980.1
281.95,36084.0
282.20,36160.0
282.45,35680.0
282.70,35856.0
282.95,36196.0
283.20,36128.0
283.45,35956.2
283.70,36196.0
283.95,36184.0
284.20,36132.0
284.45,35532.0
284.70,35896.0
284.95,35908.0
285.20,36228.0
285.45,36044.0
285.70,36004.0
285.95,35572.0
286.20,36216.0
286.45,36340.0
286.70,36160.0
286.95,36212.0
287.20,35462.2
287.45,35984.0
287.70,35816.0
287.95,35908.4
288.20,35980.0
288.45,36020.0
288.70,36020.0
288.95,35968.1
289.20,36220.0
289.45,36208.0
289.70,36092.0
289.95,36016.0
290.20,35960.0
290.45,36288.0
290.70,41056.0
290.95,41912.0
291.20,42023.9
291.45,42128.0
291.70,42084.0
291.95,41864.0
292.20,41432.0
292.45,42160.0
292.70,42172.0
292.95,41636.0
293.20,42124.0
293.45,42000.0
293.70,42212.0
293.96,41900.4
294.21,41436.0
294.46,41908.0
294.71,41828.0
294.96,41504.0
295.21,42027.9
295.46,41956.0
295.71,41536.0
295.96,41732.0
296.21,41753.0
296.46,41368.0
296.71,41192.0
296.96,41952.0
297.21,42008.0
297.46,42068.0
297.71,42096.0
297.96,42156.0
298.21,41424.0
298.46,41709.2
298.71,42116.0
298.96,42220.0
299.21,41572.0
299.46,42508.0
299.71,41976.0
299.96,42392.0
300.21,42064.0
300.46,41896.4
300.71,42640.0
300.96,42528.0
301.21,42624.0
301.46,41716.0
301.71,42424.0
301.96,42402.4
302.21,42580.0
302.46,42508.0
302.71,41408.0
302.96,42552.0
303.21,42084.0
303.46,41460.0
303.71,42320.0
303.96,42588.0
304.21,41488.0
304.46,42600.0
304.71,42460.0
304.96,42394.4
305.21,42616.0
305.46,42496.0
305.71,42620.0
305.96,42520.0
306.21,41988.1
306.46,42792.0
306.71,42112.0
306.96,42549.8
307.21,41856.0
307.46,43396.0
307.71,43184.0
307.96,43528.0
308.21,43270.9
308.46,42940.0
308.71,43656.0
308.96,43724.0
309.21,43772.0
309.46,43648.0
309.71,43724.0
309.97,42243.0
310.22,43096.0
310.47,43892.0
310.72,43852.0
310.97,43320.0
311.22,43832.0
311.47,42864.5
311.72,43612.0
311.97,43648.0
312.22,42248.0
312.47,43368.0
312.72,43696.0
312.97,42324.0
313.22,43450.2
313.47,43612.0
313.72,42936.0
313.97,42904.0
314.22,43432.0
314.47,41596.0
314.72,36576.0
314.97,36705.2
315.22,37100.0
315.47,36688.0
315.72,36864.0
315.97,37040.0
316.22,37396.0
316.47,37320.0
316.72,36444.0
316.97,37083.7
317.22,37276.0
317.47,34044.0
317.72,37004.0
317.97,36964.0
318.22,37148.0
318.47,36888.4
318.72,37104.0
318.97,36868.0
319.22,35936.0
319.47,37240.0
319.72,36368.0
319.97,37004.0
320.22,36424.0
320.47,36529.9
320.72,37016.0
320.97,37184.0
321.22,36796.0
321.47,37008.0
321.72,36396.0
321.97,37168.0
322.22,36788.0
322.47,37012.0
322.72,36900.4
322.97,37128.0
323.22,37168.0
323.47,37088.0
323.72,36628.0
323.97,36876.0
324.22,36709.2
324.47,37048.0
324.72,37020.0
324.97,36816.0
325.22,36948.0
325.47,37280.0
325.72,36252.0
325.97,36796.0
326.22,37016.0
326.47,37204.0
326.73,35251.0
326.98,35888.0
327.23,36628.0
327.48,36492.0
327.73,37040.0
327.98,36660.0
328.23,36784.9
328.48,36920.0
328.73,36592.0
328.98,37064.0
329.23,36728.0
329.48,36816.0
329.73,36856.6
329.98,36164.0
330.23,36860.0
330.48,36896.0
330.73,36812.0
330.98,36784.0
331.23,36752.0
331.48,36448.0
331.73,35892.4
331.98,36652.0
332.23,36148.0
332.48,36784.0
332.73,42496.0
332.98,43468.0
333.23,43466.1
333.48,42260.0
333.73,43496.0
333.98,43624.0
334.23,43772.0
334.48,43496.0
334.73,42668.0
334.98,43416.0
335.23,43528.0
335.48,42629.5
335.73,42744.0
335.98,43312.0
336.23,43448.0
336.48,43708.0
336.73,42761.0
336.98,35700.0
337.23,40872.0
337.48,42992.0
337.73,43111.6
337.98,41472.0
338.23,43424.0
338.48,42836.0
338.73,43244.0
338.98,43384.0
339.23,43492.0
339.48,42052.0
339.73,43216.0
339.98,42832.7
340.23,42552.0
340.48,43388.0
340.73,42972.0
340.98,43656.0
341.23,43609.6
341.48,43776.0
341.73,43656.0
341.98,42148.0
342.23,40940.0
342.48,43232.0
342.73,43736.0
342.98,43968.0
343.23,43124.0
343.49,43844.6
343.74,42484.0
343.99,43944.0
344.24,43916.0
344.49,43260.0
344.74,43604.0
344.99,43553.8
345.24,43160.0
345.49,43328.0
345.74,43248.0
345.99,43310.8
346.24,43740.0
346.49,42760.0
346.74,43372.0
346.99,43608.0
347.24,43168.0
347.49,43516.0
347.74,43084.0
347.99,43147.4
348.24,43708.0
348.49,43548.0
348.74,43636.0
348.99,42792.0
349.24,42044.0
349.49,43580.0
349.74,43613.5
349.99,43708.0
350.24,43260.0
350.49,43384.0
350.74,43016.0
350.99,43832.0
351.24,42780.0
351.49,43616.0
351.74,39084.0
351.99,37015.9
352.24,36436.0
352.49,36064.0
352.74,37264.0
352.99,37224.0
353.24,37196.0
353.49,36904.0
353.74,37147.4
353.99,36668.0
354.24,37224.0
354.49,37264.0
354.74,37100.0
354.99,37180.0
355.24,36984.0
355.49,36119.5
355.74,37232.0
355.99,37180.0
356.24,37248.0
356.49,39796.0
356.74,43500.0
356.99,43346.6
357.24,42960.0
357.49,43512.0
357.74,43364.0
357.99,43528.0
358.24,43356.0
358.49,43676.0
358.74,42653.4
358.99,43584.0
359.24,43760.0
359.49,43688.0
359.74,43728.0
359.99,43776.0
360.24,43420.0
360.50,43533.9
360.75,43092.0
361.00,43872.0
361.25,42944.0
361.50,43348.0
361.75,43352.0
362.00,43560.0
362.25,42764.0
362.50,43316.0
362.75,43012.0
363.00,43668.0
363.25,43540.0
363.50,42984.0
363.75,43416.0
364.00,43402.4
364.25,42860.0
364.50,43756.0
364.75,43316.0
365.00,43756.0
365.25,42920.0
365.50,42712.0
365.75,42576.0
366.00,43414.3
366.25,43684.0
366.50,43652.0
366.75,42396.0
367.00,43724.0
367.25,43252.0
367.50,43204.0
367.75,43788.0
368.00,43820.0
368.25,43709.2
368.50,40328.0
368.75,42436.0
369.00,42968.0
369.25,43628.0
369.50,42384.0
369.75,43480.0
370.00,43800.0
370.25,43370.5
370.50,43972.0
370.75,43724.0
371.00,44024.0
371.25,44096.0
371.50,43272.0
371.75,43541.8
372.00,43732.0
372.25,42744.0
372.50,43516.0
372.75,43960.0
373.00,44112.0
373.25,43876.5
373.50,44152.0
373.75,44248.0
374.00,44284.0
374.25,43796.0
374.50,42652.0
374.75,43920.0
375.00,43348.0
375.25,43438.2
375.50,43940.0
375.75,43376.0
376.00,43948.0
376.25,43924.0
376.50,43012.0
376.75,43948.0
377.00,43697.2
377.25,43520.0
377.50,43744.0
377.75,41864.0
378.01,28265.9
378.26,0.0
378.51,0.0
378.76,0.0
379.01,0.0
379.26,0.0
379.51,0.0
379.76,0.0
380.01,1605.6
380.26,16044.0
380.51,16438.2
380.76,17072.0
381.01,17424.0
381.26,17597.6
381.51,18352.0
381.76,18492.0
382.01,18776.9
382.26,18625.5
382.51,18884.0
382.76,19552.0
383.01,19494.0
383.26,19960.0
383.51,20088.0
383.76,19016.0
384.01,19525.9
384.26,20176.0
384.51,20664.0
384.77,20589.6
385.02,20704.0
385.27,20852.0
385.52,19276.0
385.77,17717.1
386.02,21516.0
386.27,21720.0
386.52,21824.7
386.77,21944.0
387.02,21420.0
387.27,20236.0
387.52,20144.0
387.77,20172.0
388.02,20278.9
388.27,20416.0
388.52,20306.8
388.77,20664.0
389.02,20737.1
389.27,20661.4
389.52,20792.0
389.77,20625.5
390.02,20848.0
390.27,20720.0
390.52,20733.1
390.77,22376.0
391.02,20300.0
391.27,20720.0
391.52,21019.9
391.77,21380.0
392.02,21220.0
392.28,21035.9
392.53,21195.2
392.78,21172.0
393.03,21298.8
393.28,21266.9
393.53,21524.0
393.78,21272.0
394.03,21500.0
394.28,21434.3
394.53,20956.0
394.78,21304.0
395.03,21552.0
395.28,21358.6
395.53,21892.0
395.78,21880.0
396.03,21792.0
396.28,22080.0
396.53,21800.0
396.78,21912.0
397.03,21876.5
397.28,21980.0
397.53,22012.0
397.78,22012.0
398.03,21470.1
398.28,21832.0
398.53,21972.0
398.78,22036.0
399.03,22944.0
399.28,23068.0
399.53,22976.0
399.78,23108.0
400.04,22557.8
400.29,23136.0
400.54,22589.6
400.79,23312.0
401.04,22892.4
401.29,23136.0
401.54,22620.0
401.79,22665.3
402.04,23151.4
402.29,23424.0
402.54,22836.0
402.79,23360.0
403.04,23187.3
403.29,23280.0
403.54,23380.0
403.79,23228.0
404.04,22163.3
404.29,22669.3
404.54,22660.0
404.79,22764.0
405.04,21596.0
405.29,22625.5
405.54,22612.0
405.79,22624.0
406.04,22592.0
406.29,22581.7
406.54,22700.0
406.79,22760.0
407.04,22592.0
407.30,22836.7
407.55,22732.0
407.80,22700.0
408.05,22656.0
408.30,22872.0
408.55,21936.3
408.80,22604.0
409.05,22684.0
409.30,22820.7
409.55,22952.0
409.80,22788.8
410.05,22572.0
410.30,22988.0
410.55,22872.5
410.80,22984.0
411.05,23120.0
411.30,22768.0
411.55,23103.6
411.80,22580.0
412.05,22852.0
412.30,23004.0
412.55,22884.5
412.80,23116.0
413.05,23232.0
413.30,23132.0
413.55,22860.6
413.80,22988.0
414.05,22852.0
414.30,23088.0
414.55,23252.0
414.80,23208.0
415.05,22422.3
415.30,22456.0
415.55,22348.0
415.80,23068.0
416.06,23095.6
416.31,23156.0
416.56,23272.0
416.81,23426.3
417.06,23276.0
417.31,23392.0
417.56,23196.0
417.81,23168.0
418.06,23019.9
418.31,23168.0
418.56,23071.7
418.81,22256.0
419.06,22992.0
419.31,23220.0
419.56,22896.4
419.81,23996.0
420.06,24360.0
420.31,24685.3
420.56,24356.0
420.81,25180.0
421.06,24500.0
421.31,24398.4
421.56,24520.0
421.81,24644.0
422.06,23940.2
422.31,23944.2
422.56,23952.0
422.81,24788.0
423.06,25044.0
423.31,24356.0
423.56,24592.0
423.81,24338.6
424.06,24272.0
424.31,25004.0
424.56,25056.0
424.81,24800.0
425.06,24348.0
425.31,25188.0
425.57,23593.6
425.82,24720.0
426.07,25156.0
426.32,23880.0
426.57,23568.0
426.82,24597.6
427.07,25436.0
427.32,24120.0
427.57,23199.2
427.82,23240.0
428.07,23336.0
428.32,23358.6
428.57,23272.0
428.82,22368.0
429.07,23452.0
429.32,23496.0
429.57,23593.6
429.82,25404.0
430.07,24852.0
430.32,24668.0
430.57,25023.9
430.82,25104.0
431.07,25191.2
431.32,25416.0
431.57,25724.0
431.82,23464.0
432.07,23721.1
432.32,22908.0
432.57,23356.0
432.82,23852.0
433.07,23824.7
433.32,23724.0
433.57,23956.0
433.82,23478.1
434.07,23724.0
434.32,23656.0
434.58,23386.5
434.83,23424.0
435.08,23428.0
435.33,23740.0
435.58,22697.2
435.83,23612.0
436.08,23532.0
436.33,23350.6
436.58,23632.0
436.83,23316.0
437.08,23310.8
437.33,23480.0
437.58,23584.0
437.83,23576.0
438.08,23612.0
438.33,23657.4
438.58,23344.0
438.83,23430.3
439.08,22844.0
439.33,23520.0
439.58,23688.0
439.83,24588.0
440.08,24028.0
440.33,23732.0
440.58,24139.4
440.83,23936.0
441.08,23900.0
441.33,23828.0
441.58,23298.8
441.83,23424.0
442.08,23704.0
442.33,23968.1
442.58,23292.0
442.83,23713.1
443.08,23960.0
443.33,24028.0
443.58,24108.0
443.84,23916.3
444.09,23876.0
444.34,24284.0
444.59,24171.3
444.84,24096.0
445.09,23936.0
445.34,24140.0
445.59,24080.0
445.84,23924.0
446.09,23151.4
446.34,24196.0
446.59,23860.0
446.84,26000.0
447.09,30828.0
447.34,30888.4
447.59,30744.0
447.84,30848.0
448.09,30560.0
448.34,30856.0
448.59,30868.5
448.84,30292.0
449.09,30900.0
449.34,29932.3
449.59,30904.0
449.84,30528.0
450.09,30612.0
450.34,30848.6
450.59,30916.0
450.84,31048.0
451.09,30693.2
451.34,30888.0
451.59,30400.0
451.84,31232.0
452.09,31400.0
452.34,30036.0
452.59,30884.0
452.84,31270.9
453.09,31340.0
453.34,31172.0
453.59,31220.0
453.84,31112.0
454.10,31067.7
454.35,31480.0
454.60,31324.0
454.85,31448.0
455.10,31352.0
455.35,30657.4
455.60,31512.0
455.85,31928.0
456.10,31844.0
456.35,32044.0
456.60,31964.0
456.85,31557.8
457.10,31996.0
457.35,31900.0
457.60,31744.0
457.85,32068.0
458.10,31705.2
458.35,31124.0
458.60,31856.6
458.85,31468.0
459.10,31856.0
459.35,31740.0
459.60,32000.0
459.85,29092.0
460.10,28127.5
460.35,28552.0
460.60,28572.0
460.85,28392.0
461.10,28348.0
461.35,28326.7
461.60,27764.0
461.85,28420.0
462.10,28406.4
462.35,28612.0
462.60,28648.0
462.85,28764.0
463.10,28856.0
463.35,28852.6
463.60,28712.0
463.85,28552.0
464.10,28513.9
464.35,29088.0
464.61,27920.3
464.86,28300.0
465.11,28764.9
465.36,28800.0
465.61,28760.0
465.86,29020.0
466.11,28832.0
466.36,29892.4
466.61,28860.0
466.86,28772.0
467.11,28613.5
467.36,28928.0
467.61,28812.8
467.86,24848.0
468.11,28652.0
468.36,28645.4
468.61,29056.0
468.86,29952.0
469.11,32640.0
469.36,32756.0
469.61,32436.0
469.86,32588.0
470.11,32544.0
470.36,32344.0
470.61,33092.0
470.86,31474.1
471.11,32812.0
471.36,32681.3
471.61,32284.0
471.86,29028.0
472.11,30540.0
472.36,33096.0
472.61,33372.0
472.86,32984.0
473.11,33288.0
473.36,32948.2
473.61,33052.0
473.86,30256.0
474.11,29000.0
474.36,28908.4
474.61,25612.0
474.86,29072.0
475.11,29084.0
475.36,29620.0
475.61,29304.0
475.86,29488.0
476.12,29470.1
476.37,29652.0
476.62,29820.0
476.87,29156.0
477.12,29749.0
477.37,30328.0
477.62,33524.0
477.87,33616.0
478.12,33549.8
478.37,33524.0
478.62,33368.0
478.87,32728.0
479.12,33252.0
479.37,33708.0
479.62,33426.3
479.87,32468.0
480.12,33576.0
480.37,33592.0
480.62,33402.4
480.87,33236.0
481.12,34116.0
481.37,33936.0
481.62,35055.8
481.87,36704.0
482.12,38196.0
482.37,39504.0
482.62,41304.0
482.87,42108.0
483.12,41737.1
483.37,42180.0
483.62,41820.0
483.87,40984.0
484.12,41400.0
484.37,42160.0
484.62,42140.0
484.87,40580.0
485.12,41175.3
485.37,41624.0
485.62,42232.0
485.87,42160.0
486.12,42308.0
486.37,41572.0
486.62,41103.6
486.87,42408.0
487.12,42276.0
487.37,42412.0
487.62,42300.0
487.87,41737.1
488.12,42272.0
488.37,42352.0
488.62,41572.0
488.87,37772.0
489.12,41748.0
489.38,41517.9
489.62,41980.0
489.88,41456.0
490.12,42020.0
490.38,42044.0
490.62,40596.0
490.88,41717.1
491.13,42080.0
491.38,42160.0
491.63,41796.0
491.88,42168.0
492.13,42048.0
492.38,41988.0
492.63,41972.1
492.88,41492.0
493.13,42060.0
493.38,42063.7
493.63,42224.0
493.88,41248.0
494.13,41832.0
494.38,41564.0
494.63,41748.0
494.88,41632.0
495.13,42051.8
495.38,42208.0
495.63,42240.0
495.88,41016.0
496.13,41812.0
496.38,41128.0
496.63,42152.0
496.88,41816.0
497.13,42159.4
497.38,42224.0
497.63,42208.0
497.88,41684.0
498.13,42392.0
498.38,42256.0
498.63,41732.0
498.88,41388.0
499.13,41824.0
499.38,42232.0
499.63,42231.1
499.88,41628.0
500.13,42232.0
500.38,42300.0
500.63,42340.0
500.88,42340.0
501.13,42048.0
501.38,42262.9
501.63,42384.0
501.88,42396.0
502.13,41252.0
502.38,41560.0
502.63,42035.9
502.88,41816.0
503.13,42520.0
503.38,42312.0
503.63,42392.0
503.88,39096.0
504.13,36604.0
504.38,36680.0
504.63,36180.0
504.88,36184.0
505.13,36191.2
505.38,33824.0
505.63,35584.0
505.88,42196.0
506.13,42528.0
506.38,42484.0
506.63,41996.0
506.88,42446.2
507.13,42644.0
507.38,42528.0
507.63,40760.0
507.88,42364.0
508.13,41904.0
508.39,41669.3
508.64,36660.0
508.89,37076.0
509.14,37000.0
509.39,36556.0
509.64,36988.1
509.89,36848.0
510.14,36928.0
510.39,36824.0
510.64,37084.0
510.89,36366.5
511.14,37060.0
511.39,37192.0
511.64,36404.0
511.89,37152.0
512.14,37084.0
512.39,37096.0
512.64,37100.0
512.89,37036.0
513.14,37916.0
513.39,37772.0
513.64,37410.4
513.89,37892.0
514.14,37992.0
514.39,37964.0
514.64,41252.0
514.89,39484.0
515.14,43480.0
515.39,43648.0
515.64,42832.7
515.89,43664.0
516.14,43864.0
516.39,43624.0
516.64,43980.0
516.89,43524.0
517.14,43948.0
517.39,43944.0
517.64,43115.5
517.89,44032.0
518.14,43776.0
518.39,43464.0
518.64,43992.0
518.89,43704.0
519.14,43896.0
519.39,43478.1
519.64,43796.0
519.89,43644.0
520.14,43152.0
520.39,42076.0
520.64,43672.0
520.89,43736.0
521.14,43525.9
521.39,43076.0
521.64,43132.0
521.89,43540.0
522.14,43328.0
522.39,43036.0
522.64,43820.0
522.89,42964.0
523.14,33656.0
523.39,35780.0
523.64,35796.8
523.89,35272.0
524.14,39256.0
524.39,39288.0
524.64,39354.6
524.89,39120.0
525.14,39612.0
525.39,39448.0
525.64,39116.0
525.89,39496.0
526.15,39362.6
526.40,38264.0
526.65,39132.0
526.90,38592.0
527.15,38884.0
527.40,38418.3
527.65,39288.0
527.90,39516.0
528.15,39376.0
528.40,38721.1
528.65,39068.0
528.90,38488.0
529.15,38900.0
529.40,38732.0
529.65,38988.0
529.90,39388.0
530.15,38764.9
530.40,39504.0
530.65,38052.0
530.90,40680.0
531.15,42308.0
531.40,42720.0
531.65,42916.0
531.90,43056.0
532.15,42928.0
532.40,41608.0
532.65,42470.1
532.90,42620.0
533.15,42964.0
533.40,42068.0
533.65,43028.0
533.90,43292.0
534.15,43128.0
534.40,42688.0
534.65,42840.6
534.90,43228.0
535.15,41160.0
535.40,36972.0
535.65,37136.0
535.90,37472.0
536.15,37346.6
536.40,37420.0
536.65,37220.0
536.90,37732.0
537.15,38388.0
537.40,38316.0
537.65,38294.8
537.90,38484.0
538.15,37788.0
538.40,37180.0
538.65,37720.0
538.90,37756.0
539.15,37454.2
539.40,37956.0
539.65,35812.0
539.90,36864.0
540.15,38268.0
540.40,37996.0
540.65,38160.0
540.90,37296.0
541.15,38188.0
541.40,37294.8
541.65,38144.0
541.90,38456.0
542.15,38588.0
542.40,38236.0
542.65,38372.0
542.90,38492.0
543.15,38404.0
543.40,38428.0
543.66,38179.3
543.91,38544.0
544.16,38056.0
544.41,37756.0
544.66,37976.0
544.91,36280.0
545.16,37637.5
545.41,38456.0
545.66,37784.0
545.91,36804.0
546.16,35332.0
546.41,38216.0
546.66,38548.0
546.91,38019.9
547.16,38512.0
547.41,38520.0
547.66,37292.0
547.91,38188.0
548.16,38484.0
548.41,38504.0
548.66,38560.0
548.91,38028.0
549.16,38478.1
549.41,38600.0
549.66,38048.0
549.91,38608.0
550.16,38036.0
550.41,38358.6
550.66,38608.0
550.91,38172.0
551.16,37380.0
551.41,38724.0
551.66,38548.0
551.91,38524.0
552.16,38772.0
552.41,42756.0
552.66,42565.7
552.91,44144.0
553.16,43664.0
553.41,44248.0
553.66,44132.0
553.91,44192.0
554.16,43488.0
554.41,43904.0
554.66,43792.0
554.91,44143.4
555.16,44220.0
555.41,44228.0
555.66,44220.0
555.91,44236.0
556.16,44256.0
556.41,44272.0
556.66,44172.0
556.91,42649.4
557.16,43364.0
557.41,43824.0
557.66,44332.0
557.91,38636.0
558.16,43580.0
558.41,44248.0
558.66,44394.4
558.91,43308.0
559.16,43948.0
559.41,44208.0
559.66,44596.0
559.91,44148.0
560.16,44616.0
560.41,44540.0
560.66,44466.1
560.91,44540.0
561.16,44496.0
561.41,44600.0
561.66,44224.0
561.91,44028.0
562.16,43976.0
562.41,42516.0
562.66,44572.0
562.92,44055.8
563.17,44512.0
563.42,44252.0
563.67,43872.0
563.92,44624.0
564.17,44612.0
564.42,44052.0
564.67,44308.0
564.92,43342.6
565.17,44456.0
565.42,44248.0
565.67,44380.0
565.92,43776.0
566.17,44208.0
566.42,44264.0
566.67,44388.0
566.92,44376.0
567.17,43462.2
567.42,44480.0
567.67,43644.0
567.92,37100.0
568.17,38404.0
568.42,38440.0
568.67,38308.0
568.92,37696.0
569.17,38316.0
569.42,38240.0
569.67,37808.0
569.92,37992.0
570.17,38334.7
570.42,38540.0
570.67,39124.0
570.92,43984.0
571.17,43576.0
571.42,44160.0
571.67,43541.8
571.92,44384.0
572.17,44384.0
572.42,44264.0
572.67,44276.0
572.92,44312.0
573.17,44195.2
573.42,44336.0
573.67,43160.0
573.92,44248.0
574.17,44328.0
574.42,43656.0
574.67,43940.2
574.92,44172.0
575.17,44304.0
575.42,43484.0
575.67,44112.0
575.92,44032.0
576.17,44364.0
576.42,44259.0
576.67,43872.0
576.92,41796.0
577.17,44328.0
577.42,44460.0
577.67,44171.3
577.92,44376.0
578.17,44392.0
578.42,44464.0
578.67,44436.0
578.92,44500.0
579.17,42548.0
579.42,44144.0
579.67,44360.0
579.92,42604.0
580.17,41076.0
580.42,44645.4
580.67,44860.0
580.92,44800.0
581.17,44544.0
581.42,44624.0
581.67,44720.0
581.92,43616.0
582.17,43984.0
582.42,44840.0
582.67,44924.0
582.92,44756.0
583.17,44120.0
583.43,44569.7
583.68,44996.0
583.93,44796.0
584.18,44988.0
584.43,44892.0
584.68,39204.0
584.93,44203.2
585.18,44584.0
585.43,44496.0
585.68,43264.0
585.93,44376.0
586.18,44560.0
586.43,44484.0
586.68,41737.1
586.93,41492.0
587.18,44572.0
587.43,44888.0
587.68,44868.0
587.93,44549.8
588.18,44900.0
588.43,44804.0
588.68,44912.0
588.93,44768.0
589.18,44692.0
589.43,44888.0
589.68,44864.0
589.93,44016.0
590.18,42430.3
590.43,44572.0
590.68,44884.0
590.93,44280.0
591.18,44120.0
591.43,44580.0
591.68,42692.0
591.93,44677.3
592.18,44120.0
592.43,44204.0
592.68,44636.0
592.93,44820.0
593.18,44657.4
593.43,43596.0
593.68,44764.0
593.93,44840.0
594.18,44284.0
594.43,44677.3
594.68,44176.0
594.93,44956.0
595.18,44888.0
595.43,44912.0
595.68,43192.0
595.93,44716.0
596.18,44804.0
596.43,44673.3
596.68,42560.0
596.93,44044.0
597.18,44920.0
597.43,44956.0
597.68,44196.0
597.93,44940.0
598.18,44645.4
598.43,44292.0
598.68,44968.0
598.93,44996.0
599.18,44880.0
599.43,45080.0
599.68,44496.0
599.93,45072.0
600.19,44553.8
600.44,38748.0
600.69,38620.0
600.94,38376.0
601.19,37312.0
601.44,38504.0
601.69,38872.0
601.94,38840.0
602.19,38629.5
602.44,38852.0
602.69,38848.0
602.94,38792.0
603.19,38696.0
603.44,38316.0
603.69,38768.0
603.94,38840.0
604.19,38228.0
604.44,38868.0
604.69,38328.0
604.94,38888.0
605.19,38724.0
605.44,38402.4
605.69,38576.0
605.94,38584.0
606.19,38632.0
606.44,35412.0
606.69,38208.0
606.94,38992.0
607.19,39020.0
607.44,37724.0
607.69,38912.0
607.94,38196.0
608.19,38688.0
608.44,38744.0
608.69,41196.0
608.94,44376.0
609.19,44537.9
609.44,44356.0
609.69,44196.0
609.94,44480.0
610.19,44704.0
610.44,44368.0
610.69,44664.0
610.94,44628.0
611.19,44624.0
611.44,44704.0
611.69,41048.0
611.94,38398.4
612.19,38888.0
612.44,38772.0
612.69,40720.0
612.94,41282.9
613.19,37028.0
613.44,38696.0
613.69,38412.0
613.94,38724.0
614.19,37211.2
614.44,38432.0
614.69,37564.0
614.94,38704.0
615.19,38080.0
615.44,38316.0
615.69,38524.0
615.94,38644.0
616.19,37792.0
616.44,38414.3
616.69,38604.0
616.94,38576.0
617.19,38652.0
617.44,38596.0
617.69,38452.0
617.94,38556.0
618.19,38272.0
618.44,38203.2
618.69,38472.0
618.94,38360.0
619.19,38644.0
619.44,37612.0
619.69,38528.0
619.94,38188.0
620.19,38696.0
620.44,37876.0
620.69,37652.0
620.95,37888.4
621.20,38376.0
621.45,38536.0
621.70,38192.0
621.95,38884.0
622.20,38456.0
622.45,38704.0
622.70,38736.0
622.95,38140.0
623.20,38648.0
623.45,38354.6
623.70,38764.0
623.95,38756.0
624.20,38532.0
624.45,38852.0
624.70,38792.0
624.95,37657.4
625.20,38884.0
625.45,38580.0
625.70,38616.0
625.95,37600.0
626.20,38592.0
626.45,38608.0
626.70,38597.6
626.95,37864.0
627.20,37868.0
627.45,37848.0
627.70,38632.0
627.95,37576.0
628.20,38576.0
628.45,38318.7
628.70,38528.0
628.95,38040.0
629.20,37864.0
629.45,38104.0
629.70,38544.0
629.95,38692.0
630.20,38792.0
630.45,38364.0
630.70,38724.0
630.95,38529.9
631.20,38576.0
631.45,38196.0
631.70,38064.0
631.95,38712.0
632.20,37232.0
632.45,38632.0
632.70,38892.0
632.95,38035.9
633.20,37900.0
633.45,38732.0
633.70,38304.0
633.95,38768.0
634.20,38168.0
634.45,38632.0
634.70,38728.0
634.95,38103.6
635.20,38412.0
635.45,38624.0
635.70,38860.0
635.95,38772.0
636.20,38648.0
636.45,38780.0
636.70,38716.0
636.95,38684.0
637.20,38541.8
637.45,38692.0
637.70,38728.0
637.95,38692.0
638.20,37904.0
638.45,37232.0
638.70,38752.0
638.95,38788.0
639.20,38266.9
639.45,38068.0
639.70,38572.0
639.95,38868.0
640.20,38672.0
640.45,38524.0
640.70,38296.0
640.95,38672.0
641.21,38442.2
641.46,38724.0
641.71,38732.0
641.96,38404.0
642.21,38740.0
642.46,38652.0
642.71,38680.0
642.96,38680.0
643.21,38517.9
643.46,38200.0
643.71,38656.0
643.96,38912.0
644.21,38268.0
644.46,38808.0
644.71,37764.0
644.96,38616.0
645.21,38688.0
645.46,38629.5
645.71,38340.0
645.96,38540.0
646.21,38812.0
646.46,38808.0
646.71,38884.0
646.96,38232.0
647.21,38737.1
647.46,38320.0
647.71,38488.0
647.96,38700.0
648.21,38804.0
648.46,38848.0
648.71,38776.0
648.96,38111.6
649.21,38660.0
649.46,38260.0
649.71,38844.0
649.96,38700.0
650.21,38744.0
650.46,38708.0
650.71,38716.0
650.96,37684.0
651.21,38456.0
651.46,38410.4
651.71,37780.0
651.96,37428.0
652.21,36812.0
652.46,41796.0
652.71,42048.0
652.96,41780.9
653.21,41232.0
653.46,41824.0
653.71,42092.0
653.96,41936.0
654.21,42072.0
654.46,41472.0
654.71,41504.0
654.96,41576.0
655.21,41191.2
655.46,42056.0
655.71,41828.0
655.96,41500.0
656.21,41616.0
656.46,41896.4
656.71,41180.0
656.96,39932.0
657.21,41940.0
657.46,41426.3
657.71,42128.0
657.96,41432.0
658.21,41928.0
658.46,42056.0
658.72,41940.2
658.97,42132.0
659.22,41428.0
659.47,41564.0
659.72,41540.0
659.97,40820.0
660.22,42048.0
660.47,42060.0
660.72,41749.0
660.97,41888.0
661.22,41896.0
661.47,42016.0
661.72,41424.0
661.97,42224.0
662.22,41701.2
662.47,42076.0
662.72,40716.0
662.97,41456.0
663.22,42092.0
663.47,42356.0
663.72,42232.0
663.97,41840.0
664.22,42039.8
664.47,41788.0
664.72,42320.0
664.97,42288.0
665.22,42207.2
665.47,42140.0
665.72,42092.0
665.97,42104.0
666.22,42236.0
666.47,41637.5
666.72,42268.0
666.97,42388.0
667.22,41628.0
667.47,41844.0
667.72,41172.0
667.97,40884.0
668.22,42272.0
668.47,40936.3
668.72,42148.0
668.97,41768.0
669.22,42300.0
669.47,42111.6
669.72,42272.0
669.97,41256.0
670.22,42292.0
670.47,42132.0
670.72,42224.0
670.97,41816.0
671.22,42107.6
671.47,41672.0
671.72,41956.0
671.97,41732.0
672.22,42400.0
672.47,42304.0
672.72,42296.0
672.97,42176.0
673.22,42324.0
673.47,42252.0
673.72,42324.0
673.97,41537.9
674.22,40684.0
674.47,41960.0
674.72,42328.0
674.97,42248.0
675.22,41976.0
675.47,42116.0
675.73,42318.7
675.98,42628.0
676.23,41980.0
676.48,42376.0
676.73,42464.0
676.98,42536.0
677.23,42075.7
677.48,42376.0
677.73,42524.0
677.98,42416.0
678.23,42168.0
678.48,42376.0
678.73,42296.0
678.98,42039.8
679.23,42500.0
679.48,41932.0
679.73,42092.0
679.98,41100.0
680.23,41692.0
680.48,42492.0
680.73,41920.0
680.98,41693.2
681.23,42232.0
681.48,42548.0
681.73,41736.0
681.98,42148.0
682.23,42284.0
682.48,42418.3
682.73,42476.0
682.98,42620.0
683.23,42378.5
683.48,42696.0
683.73,42528.0
683.98,41924.0
684.23,42332.0
684.48,40956.0
684.73,42012.0
684.98,42412.0
685.23,42468.0
685.48,41908.0
685.73,40876.5
685.98,42392.0
686.23,42292.0
686.48,42316.0
686.73,39191.2
686.98,40572.0
687.23,42312.0
687.48,41828.0
687.73,41749.0
687.98,42292.0
688.23,42288.0
688.48,42364.0
688.73,42436.0
688.98,42320.0
689.23,42255.0
689.48,41648.0
689.73,42060.0
689.98,42508.0
690.23,42460.0
690.48,41864.0
690.73,41384.0
690.99,42282.9
691.24,42248.0
691.49,40436.0
691.74,42176.0
691.99,42352.0
692.24,41984.0
692.49,41211.2
692.74,42560.0
692.99,41636.0
693.24,42224.0
693.49,42160.0
693.74,42000.0
693.99,42524.0
694.24,42712.0
694.49,42020.0
694.74,42224.0
694.99,42536.0
695.24,42520.0
695.49,42023.9
695.74,42504.0
695.99,42536.0
696.24,41764.0
696.49,42220.0
696.74,42516.0
696.99,42512.0
697.24,41008.0
697.49,42251.0
697.74,42608.0
697.99,41648.0
698.24,41720.0
698.49,42452.0
698.74,41668.0
698.99,42456.0
699.24,41908.0
699.49,42252.0
699.74,42075.7
699.99,41668.0
700.24,42044.0
700.49,41088.0
700.74,41720.0
700.99,41928.0
701.24,42176.0
701.49,41680.0
701.74,41756.0
701.99,41992.0
702.24,42280.0
702.49,41480.0
702.74,38948.0
702.99,40084.0
703.24,41492.0
703.49,42284.0
703.74,41924.0
703.99,41316.0
704.24,41761.0
704.49,41724.0
704.74,42264.0
704.99,42360.0
705.24,42312.0
705.49,42432.0
705.74,41498.0
705.99,42140.0
706.24,42356.0
706.49,42384.0
706.74,41520.0
706.99,42480.0
707.24,42312.0
707.49,42247.0
707.74,41692.0
707.99,42280.0
708.24,42300.0
708.49,42132.0
708.74,40516.0
708.99,41740.0
709.24,41884.0
709.49,42004.0
709.74,41581.7
709.99,42260.0
710.24,42400.0
710.49,42552.0
710.74,42264.0
710.99,42208.0
711.24,41696.0
711.49,42440.0
711.74,41972.0
712.00,41677.3
712.25,42524.0
712.50,42008.0
712.75,42344.0
713.00,42168.0
713.25,42128.0
713.50,42191.2
713.75,41740.0
714.00,41792.0
714.25,42408.0
714.50,41092.0
714.75,42284.0
715.00,41756.0
715.25,42104.0
715.50,42131.5
715.75,42504.0
716.00,42272.0
716.25,42408.0
716.50,42272.0
716.75,41888.0
717.00,39608.0
717.25,41952.0
717.50,42144.0
717.75,42338.6
718.00,42008.0
718.25,42444.0
718.50,42608.0
718.75,41300.0
719.00,42440.0
719.25,42468.0
719.50,41896.4
719.75,42384.0
720.00,42824.0
720.25,29568.0
720.50,0.0
720.75,37884.0
721.00,42688.0
721.25,42804.0
721.50,42780.0
721.75,42696.0
722.00,42537.9
722.25,42748.0
722.50,42676.0
722.75,42676.0
723.00,42784.0
723.25,42716.0
723.50,42780.0
723.75,42482.1
724.00,42880.0
724.25,42844.0
724.50,42784.0
724.75,41904.4
725.00,42324.0
725.25,42624.0
725.50,40940.2
725.75,0.0
726.00,0.0
726.25,0.0
726.50,0.0
726.76,0.0
727.01,14596.0
727.26,41796.0
727.51,41753.0
727.76,42296.0
728.01,42664.0
728.26,42624.0
728.51,42616.0
728.76,41820.0
729.01,41912.0
729.26,40243.0
729.51,36284.0
729.76,27079.7
730.01,0.0
730.26,0.0
730.51,0.0
730.76,0.0
731.01,0.0
731.26,0.0
731.51,15164.0
731.76,35940.0
732.01,36868.0
732.26,36508.0
732.51,36366.5
732.76,36828.0
733.01,36368.0
733.26,36396.0
733.51,36692.0
733.76,36860.0
734.01,36561.8
734.26,0.0
734.51,0.0
734.76,0.0
735.01,0.0
735.27,0.0
735.52,0.0
735.77,0.0
736.02,30596.0
736.27,36888.0
736.52,36224.0
736.77,40504.0
737.02,42322.7
737.27,42864.0
737.52,42236.0
737.77,42948.0
738.02,43188.0
738.27,8599.2
738.52,0.0
738.77,0.0
739.02,0.0
739.27,0.0
739.52,0.0
739.77,812.0
740.02,42364.0
740.27,42516.0
740.52,43036.0
740.77,42856.0
741.02,42948.0
741.27,42668.0
741.52,42372.0
741.77,42668.0
742.02,22665.3
742.27,0.0
742.52,0.0
742.77,0.0
743.02,0.0
743.27,0.0
743.52,0.0
743.77,29156.0
744.02,42440.0
744.28,42932.3
744.53,42864.0
744.78,42584.0
745.03,42992.0
745.28,42488.0
745.53,42568.0
745.78,35593.6
746.03,0.0
746.28,0.0
746.53,0.0
746.78,0.0
747.03,0.0
747.28,0.0
747.53,17124.0
747.78,42388.0
748.03,39912.0
748.28,41836.0
748.53,41936.0
748.78,42164.0
749.03,42516.0
749.28,42410.4
749.53,42688.0
749.78,10880.5
750.03,0.0
750.28,0.0
750.53,0.0
750.78,0.0
751.03,0.0
751.28,111.6
751.53,36320.0
751.78,42436.0
752.03,42652.0
752.28,42744.0
752.54,42454.2
752.79,37424.0
753.04,36616.0
753.29,36768.0
753.54,36740.0
753.79,2345.2
754.04,0.0
754.29,0.0
754.54,0.0
754.79,0.0
755.04,0.0
755.29,3764.0
755.54,36556.0
755.79,36824.0
756.04,36657.4
756.29,36328.0
756.54,36704.0
756.79,36440.0
757.04,36928.0
757.29,36084.0
757.54,36612.0
757.79,23175.3
758.04,0.0
758.29,0.0
758.54,0.0
758.79,0.0
759.04,0.0
759.29,0.0
759.54,15740.0
759.79,42384.0
760.04,42748.0
760.30,33892.4
760.55,37088.0
760.80,36344.0
761.05,37024.0
761.30,36736.0
761.55,36516.0
761.80,32657.4
762.05,0.0
762.30,0.0
762.55,0.0
762.80,0.0
763.05,0.0
763.30,0.0
763.55,4000.0
763.80,36680.0
764.05,36872.0
764.30,36472.0
764.55,36636.0
764.80,36844.0
765.05,36732.0
765.30,36665.3
765.55,36896.0
765.80,36648.0
766.05,16020.0
766.30,0.0
766.55,0.0
766.80,0.0
767.05,0.0
767.30,0.0
767.55,0.0
767.80,4500.0
768.05,35661.4
768.30,36344.0
768.55,36812.0
768.80,36756.0
769.05,36452.0
769.30,33376.0
769.55,36348.0
769.80,36652.0
770.06,36510.0
770.31,17342.6
770.56,0.0
770.81,0.0
771.06,0.0
771.31,0.0
771.56,0.0
771.81,0.0
772.06,10160.0
772.31,35665.3
772.56,36488.0
772.81,35424.0
773.06,36324.0
773.31,36432.0
773.56,36456.0
773.81,36728.0
774.06,36500.0
774.31,35880.0
774.56,10737.1
774.81,0.0
775.06,0.0
775.31,0.0
775.56,0.0
775.81,0.0
776.06,0.0
776.31,13240.0
776.56,36336.0
776.81,41368.0
777.06,42320.0
777.31,42272.0
777.56,41496.0
777.82,41888.4
778.07,42464.0
778.32,39024.0
778.57,0.0
778.82,0.0
779.07,0.0
779.32,0.0
779.57,0.0
779.82,0.0
780.07,0.0
780.32,26196.0
780.57,42139.4
780.82,41788.0
781.07,41940.0
781.32,42200.0
781.57,41444.0
781.82,41616.0
782.07,41812.0
782.32,19984.1
782.57,0.0
782.82,0.0
783.07,0.0
783.32,0.0
783.57,0.0
783.82,0.0
784.07,12860.0
784.32,41824.0
784.57,41516.0
784.82,768.9
785.08,0.0
785.33,0.0
785.58,0.0
785.83,0.0
786.08,0.0
786.33,0.0
786.58,0.0
786.83,7232.0
787.08,16019.9
787.33,16540.0
787.58,17302.8
787.83,18132.0
788.08,18572.0
788.33,18660.0
788.58,19312.0
788.83,19684.0
789.08,19872.5
789.33,20048.0
789.58,20144.0
789.83,20476.0
790.08,20506.0
790.33,20928.0
790.58,20860.0
790.83,21324.0
791.08,21262.9
791.33,21840.0
791.58,21756.0
791.83,21932.0
792.08,21212.0
792.33,22027.9
792.58,22147.4
792.83,22372.0
793.08,22532.0
793.33,22360.0
793.59,22545.8
793.84,22569.7
794.09,22920.0
794.34,22736.0
794.59,22468.0
794.84,22816.0
795.09,22816.0
795.34,22724.0
795.59,21525.9
795.84,21272.0
796.09,21286.9
796.34,21500.0
796.59,21191.2
796.84,21392.0
797.09,21744.0
797.34,21780.0
797.59,21624.0
797.84,23028.0
798.09,23091.6
798.34,23552.0
798.59,23255.0
798.84,23568.0
799.09,23633.5
799.34,22932.0
799.59,23521.9
799.84,23536.0
800.09,23382.5
800.34,23600.0
800.59,23864.0
800.84,23616.0
801.09,23924.0
801.35,23689.2
801.60,23752.0
801.85,23708.0
802.10,23824.0
802.35,24079.7
802.60,23668.0
802.85,23680.0
803.10,24024.0
803.35,24163.3
803.60,24176.0
803.85,23992.0
804.10,24083.7
804.35,24240.0
804.60,23932.3
804.85,23656.0
805.10,23580.0
805.35,22948.0
805.60,23478.1
805.85,23196.0
806.10,22720.0
806.35,23466.1
806.60,23876.0
806.85,24051.8
807.10,24280.0
807.35,24075.7
807.60,24376.0
807.85,24354.6
808.11,24378.5
808.36,24400.0
808.61,24400.0
808.86,24652.0
809.11,24251.0
809.36,24652.0
809.61,23868.0
809.86,24231.1
810.11,24724.0
810.36,24474.1
810.61,24312.0
810.86,24576.0
811.11,24828.0
811.36,24549.8
811.61,24684.0
811.86,24672.0
812.11,24745.0
812.36,25028.0
812.61,24717.1
812.86,21352.0
813.11,24640.0
813.36,24864.5
813.61,25104.0
813.86,24852.6
814.11,25000.0
814.36,24852.0
814.61,24852.6
814.86,25204.0
815.11,24768.0
815.37,25035.9
815.62,24836.0
815.87,25104.0
816.12,25139.4
816.37,24740.0
816.62,24988.0
816.87,25292.0
817.12,25464.0
817.37,25356.0
817.62,25552.0
817.87,25306.8
818.12,25756.0
818.37,25764.0
818.62,25757.0
818.87,25656.0
819.12,25697.2
819.37,25844.0
819.62,25420.0
819.87,25717.1
820.12,25988.0
820.37,25904.0
820.62,25924.3
820.87,25160.0
821.12,22728.0
821.37,22772.9
821.62,22466.1
821.87,23320.0
822.12,23059.8
822.38,22820.0
822.63,22737.1
822.88,22760.0
823.13,22176.0
823.38,22900.0
823.63,22992.0
823.88,22760.0
824.13,22768.0
824.38,22665.3
824.63,22788.0
824.88,22672.0
825.13,23116.0
825.38,22892.0
825.63,22656.0
825.88,22636.0
826.13,22980.1
826.38,22430.3
826.63,22784.0
826.88,22844.6
827.13,22912.4
827.38,23076.0
827.63,22936.0
827.88,22984.0
828.13,22864.5
828.38,23128.0
828.63,23332.0
828.88,23388.0
829.13,23044.0
829.38,22876.5
829.63,23156.0
829.88,22712.0
830.13,22776.9
830.38,23284.0
830.63,23192.0
830.88,23232.0
831.13,23312.0
